Rang,Anzahl,Vorname,Geschlecht,-,Rang1,Anzahl1,Vorname1,Geschlecht1
1,66,Emma,w,,1,68,Emil,m
2,52,Emilia,w,,2,50,Anton,m
3,50,Charlotte,w,,3,46,Karl,m
4,40,Ida,w,,4,45,Paul,m
5,38,Clara,w,,5,41,Theo,m
6,38,Johanna,w,,6,40,Felix,m
7,38,Mia,w,,7,39,Oskar,m
8,37,Ella,w,,8,38,Noah,m
9,37,Hannah,w,,9,37,Ben,m
10,31,Frieda,w,,10,37,Elias,m
11,31,Nele,w,,11,36,Arthur,m
12,30,Leni,w,,12,33,Liam,m
13,30,Lina,w,,13,31,Jakob,m
14,29,Anna,w,,14,31,Theodor,m
15,28,Lena,w,,15,30,Leon,m
16,27,Alma,w,,16,29,Moritz,m
17,24,Hanna,w,,17,28,Henry,m
18,24,Lara,w,,18,28,Matteo,m
19,24,Pauline,w,,19,27,Adam,m
20,23,Lea,w,,20,27,Johann,m
21,23,Mira,w,,21,27,Levi,m
22,23,Sophia,w,,22,27,Maximilian,m
23,22,Amelie,w,,23,25,Bruno,m
24,22,Lotta,w,,24,24,Finn,m
25,22,Mathilda,w,,25,23,Alexander,m
26,21,Emily,w,,26,22,Jonas,m
27,21,Eva,w,,27,22,Lukas,m
28,21,Martha,w,,28,22,Richard,m
29,21,Mila,w,,29,21,Edgar,m
30,20,Nora,w,,30,21,Fritz,m
31,20,Sophie,w,,31,20,Louis,m
32,19,Frida,w,,32,20,Milan,m
33,19,Lotte,w,,33,19,Leonard,m
34,19,Marie,w,,34,19,Lio,m
35,18,Leonie,w,,35,19,Till,m
36,18,Mara,w,,36,18,Jonathan,m
37,17,Julia,w,,37,18,Linus,m
38,17,Merle,w,,38,18,Luis,m
39,17,Paula,w,,39,18,Max,m
40,17,Tilda,w,,40,17,Leo,m
41,16,Elena,w,,41,17,Malte,m
42,16,Lilly,w,,42,16,Benjamin,m
43,15,Luisa,w,,43,16,Friedrich,m
44,15,Maria,w,,44,16,Gustav,m
45,15,Marlene,w,,45,16,Jonah,m
46,14,Edda,w,,46,16,Luca,m
47,14,Helena,w,,47,16,Milo,m
48,14,Laura,w,,48,16,Valentin,m
49,14,Luise,w,,49,15,Fabian,m
50,14,Olivia,w,,50,15,Fiete,m
51,14,Rosalie,w,,51,15,Ole,m
52,14,Thea,w,,52,15,Simon,m
53,13,Maya,w,,53,15,Vincent,m
54,13,Pia,w,,54,14,Alfred,m
55,13,Ronja,w,,55,14,Tim,m
56,13,Ruby,w,,56,13,Aaron,m
57,13,Wilma,w,,57,13,Franz,m
58,12,Amalia,w,,58,13,Fynn,m
59,12,Amira,w,,59,13,Justus,m
60,12,Elisabeth,w,,60,13,Konstantin,m
61,12,Lia,w,,61,13,Mika,m
62,12,Luna,w,,62,13,Niklas,m
63,12,Melissa,w,,63,13,Pepe,m
64,11,Finja,w,,64,12,Constantin,m
65,11,Flora,w,,65,12,Frederik,m
66,11,Maja,w,,66,12,Henri,m
67,11,Melina,w,,67,12,Joshua,m
68,11,Paulina,w,,68,12,Kurt,m
69,11,Victoria,w,,69,12,Leopold,m
70,10,Alina,w,,70,12,Maxim,m
71,10,Carlotta,w,,71,12,Miro,m
72,10,Juna,w,,72,11,Carl,m
73,10,Karla,w,,73,11,David,m
74,9,Ava,w,,74,11,Jan,m
75,9,Elina,w,,75,11,Jannik,m
76,9,Fiona,w,,76,11,Julius,m
77,9,Freya,w,,77,11,Ludwig,m
78,9,Hedi,w,,78,11,Mats,m
79,9,Helene,w,,79,11,Robin,m
80,9,Hilda,w,,80,10,Arne,m
81,9,Klara,w,,81,10,Carlo,m
82,9,Linda,w,,82,10,Charlie,m
83,9,Lisa,w,,83,10,Daniel,m
84,9,Mina,w,,84,10,Ferdinand,m
85,9,Selma,w,,85,10,Johannes,m
86,9,Vanessa,w,,86,10,Jonte,m
87,8,Anastasia,w,,87,10,Konrad,m
88,8,Elin,w,,88,10,Mattis,m
89,8,Elsa,w,,89,10,Raphael,m
90,8,Florentine,w,,90,10,Samuel,m
91,8,Hailey,w,,91,9,Adrian,m
92,8,Helen,w,,92,9,Bela,m
93,8,Hermine,w,,93,9,Emilio,m
94,8,Marla,w,,94,9,Erik,m
95,8,Matilda,w,,95,9,Gabriel,m
96,8,Nina,w,,96,9,Hannes,m
97,8,Sofia,w,,97,9,Hugo,m
98,8,Zoe,w,,98,9,Mio,m
99,7,Amina,w,,99,9,Nils,m
100,7,Antonia,w,,100,9,Oliver,m
101,7,Elisa,w,,101,9,Philipp,m
102,7,Elise,w,,102,8,Erwin,m
103,7,Henriette,w,,103,8,Jannis,m
104,7,Katharina,w,,104,8,Kilian,m
105,7,Kira,w,,105,8,Magnus,m
106,7,Lilli,w,,106,8,Marlon,m
107,7,Livia,w,,107,8,Mateo,m
108,7,Malia,w,,108,8,Neo,m
109,7,Malou,w,,109,7,Albert,m
110,7,Mathilde,w,,110,7,Ali,m
111,7,Miriam,w,,111,7,Artur,m
112,7,Mona,w,,112,7,August,m
113,7,Palina,w,,113,7,Benno,m
114,7,Tabea,w,,114,7,Carlos,m
115,7,Valentina,w,,115,7,Eric,m
116,6,Ada,w,,116,7,Florian,m
117,6,Alba,w,,117,7,Hans,m
118,6,Alexandra,w,,118,7,Ian,m
119,6,Alva,w,,119,7,Janosch,m
120,6,Anni,w,,120,7,Lennox,m
121,6,Ariana,w,,121,7,Luka,m
122,6,Aurora,w,,122,7,Matheo,m
123,6,Elli,w,,123,7,Mohammed,m
124,6,Lieselotte,w,,124,7,Nino,m
125,6,Lisbeth,w,,125,7,Ruben,m
126,6,Lucy,w,,126,7,Tom,m
127,6,Madita,w,,127,7,Willy,m
128,6,Magdalena,w,,128,6,Ahmad,m
129,6,Milena,w,,129,6,Alessio,m
130,6,Natalie,w,,130,6,Arian,m
131,6,Rosa,w,,131,6,Damian,m
132,6,Sara,w,,132,6,Fred,m
133,6,Stella,w,,133,6,Hamza,m
134,5,Adriana,w,,134,6,Henning,m
135,5,Anouk,w,,135,6,Jaro,m
136,5,Aurelia,w,,136,6,Joel,m
137,5,Aya,w,,137,6,John,m
138,5,Bella,w,,138,6,Jona,m
139,5,Emelie,w,,139,6,Joris,m
140,5,Emilie,w,,140,6,Julian,m
141,5,Hilde,w,,141,6,Juri,m
142,5,Isabella,w,,142,6,Leonardo,m
143,5,Jette,w,,143,6,Levin,m
144,5,Jonna,w,,144,6,Lino,m
145,5,Lene,w,,145,6,Lucas,m
146,5,Liana,w,,146,6,Marius,m
147,5,Liliana,w,,147,6,Matti,m
148,5,Lilith,w,,148,6,Michael,m
149,5,Lily,w,,149,6,Nico,m
150,5,Malina,w,,150,6,Omar,m
151,5,Mariam,w,,151,6,Rafael,m
152,5,Marta,w,,152,6,Timo,m
153,5,Mascha,w,,153,6,Tristan,m
154,5,Melia,w,,154,5,Abdullah,m
155,5,Rahel,w,,155,5,Amir,m
156,5,Romy,w,,156,5,Aron,m
157,5,Selina,w,,157,5,Arvid,m
158,5,Valeria,w,,158,5,Bennet,m
159,5,Yasmin,w,,159,5,Frederick,m
160,5,Yuna,w,,160,5,Gregor,m
161,4,Adele,w,,161,5,Ibrahim,m
162,4,Amilia,w,,162,5,Jacob,m
163,4,Amy,w,,163,5,Janne,m
164,4,Ana,w,,164,5,Jannes,m
165,4,Annika,w,,165,5,Johan,m
166,4,Diana,w,,166,5,Josef,m
167,4,Edith,w,,167,5,Kasimir,m
168,4,Emely,w,,168,5,Keno,m
169,4,Felicitas,w,,169,5,Kuno,m
170,4,Gerda,w,,170,5,Lorenz,m
171,4,Inga,w,,171,5,Luan,m
172,4,Jasmin,w,,172,5,Luke,m
173,4,Jolina,w,,173,5,Mohammad,m
174,4,Juli,w,,174,5,Nick,m
175,4,Karlotta,w,,175,5,Oscar,m
176,4,Käthe,w,,176,5,Otto,m
177,4,Layla,w,,177,5,Piet,m
178,4,Leonora,w,,178,5,Sam,m
179,4,Lilia,w,,179,5,Toni,m
180,4,Liselotte,w,,180,5,William,m
181,4,Lucia,w,,181,5,Yousef,m
182,4,Lydia,w,,182,4,Ari,m
183,4,Margarethe,w,,183,4,Bastian,m
184,4,Mathea,w,,184,4,Béla,m
185,4,Maxi,w,,185,4,Caspar,m
186,4,Michelle,w,,186,4,Cosmo,m
187,4,Milla,w,,187,4,Dean,m
188,4,Nika,w,,188,4,Dominik,m
189,4,Svea,w,,189,4,Emilian,m
190,4,Viktoria,w,,190,4,Fridolin,m
191,3,Aisha,w,,191,4,Hektor,m
192,3,Amélie,w,,192,4,Jano,m
193,3,Angelina,w,,193,4,Jari,m
194,3,Annabell,w,,194,4,Jason,m
195,3,Annelie,w,,195,4,Jesper,m
196,3,Annie,w,,196,4,Lasse,m
197,3,Aria,w,,197,4,Leander,m
198,3,Ariane,w,,198,4,Lennard,m
199,3,Arya,w,,199,4,Lenny,m
200,3,Ayla,w,,200,4,Lionel,m
201,3,Carla,w,,201,4,Malik,m
202,3,Celine,w,,202,4,Marek,m
203,3,Dalia,w,,203,4,Marvin,m
204,3,Dana,w,,204,4,Mattheo,m
205,3,Dorothea,w,,205,4,Merlin,m
206,3,Eleanor,w,,206,4,Mikael,m
207,3,Elinor,w,,207,4,Minh,m
208,3,Emmy,w,,208,4,Miran,m
209,3,Enna,w,,209,4,Noel,m
210,3,Erna,w,,210,4,Pino,m
211,3,Esther,w,,211,4,Rudi,m
212,3,Fatima,w,,212,4,Thore,m
213,3,Friederike,w,,213,4,Timur,m
214,3,Fritzi,w,,214,4,Wilhelm,m
215,3,Greta,w,,215,4,Willi,m
216,3,Hanni,w,,216,4,Zain,m
217,3,Hedda,w,,217,3,Adem,m
218,3,Holly,w,,218,3,Alwin,m
219,3,Ines,w,,219,3,Arik,m
220,3,Isabel,w,,220,3,Armin,m
221,3,Isabell,w,,221,3,Benedikt,m
222,3,Jara,w,,222,3,Charly,m
223,3,Jola,w,,223,3,Colin,m
224,3,Joleen,w,,224,3,Danny,m
225,3,Joline,w,,225,3,Elia,m
226,3,Josephine,w,,226,3,Elian,m
227,3,Julie,w,,227,3,Elyas,m
228,3,Julika,w,,228,3,Enno,m
229,3,Larissa,w,,229,3,Fabio,m
230,3,Leah,w,,230,3,Florentin,m
231,3,Leana,w,,231,3,Hagen,m
232,3,Liara,w,,232,3,Ilay,m
233,3,Linn,w,,233,3,Ilias,m
234,3,Linnea,w,,234,3,Ilja,m
235,3,Lore,w,,235,3,Ilyas,m
236,3,Mariella,w,,236,3,Ismail,m
237,3,Marina,w,,237,3,Jack,m
238,3,Maryam,w,,238,3,Jaron,m
239,3,Melek,w,,239,3,Jascha,m
240,3,Melody,w,,240,3,Jasper,m
241,3,Milda,w,,241,3,Jayden,m
242,3,Millie,w,,242,3,Joscha,m
243,3,Nadia,w,,243,3,Junis,m
244,3,Nela,w,,244,3,Karam,m
245,3,Ophelia,w,,245,3,Karlo,m
246,3,Pina,w,,246,3,Kevin,m
247,3,Rebecca,w,,247,3,Kolja,m
248,3,Rebekka,w,,248,3,Lian,m
249,3,Ruth,w,,249,3,Luciano,m
250,3,Sarah,w,,250,3,Lucien,m
251,3,Sina,w,,251,3,Mads,m
252,3,Skadi,w,,252,3,Markus,m
253,3,Smilla,w,,253,3,Matthias,m
254,3,Tala,w,,254,3,Mick,m
255,3,Talia,w,,255,3,Miron,m
256,3,Tessa,w,,256,3,Mohamad,m
257,3,Theresa,w,,257,3,Mohamed,m
258,3,Toni,w,,258,3,Muhammad,m
259,3,Vivien,w,,259,3,Muhammed,m
260,3,Yara,w,,260,3,Niclas,m
261,3,Ylva,w,,261,3,Nikita,m
262,3,Zeynep,w,,262,3,Nilas,m
263,3,Ziva,w,,263,3,Otis,m
264,3,Zoey,w,,264,3,Raffael,m
265,2,Aaliyah,w,,265,3,Rayan,m
266,2,Abigail,w,,266,3,Romeo,m
267,2,Agatha,w,,267,3,Ryan,m
268,2,Alena,w,,268,3,Samir,m
269,2,Alice,w,,269,3,Taim,m
270,2,Amal,w,,270,3,Tamino,m
271,2,Amanda,w,,271,3,Tamo,m
272,2,Amaya,w,,272,3,Thomas,m
273,2,Amelia,w,,273,3,Tilman,m
274,2,Angel,w,,274,3,Tilo,m
275,2,Angie,w,,275,3,Tobias,m
276,2,Auri,w,,276,3,Tony,m
277,2,Bao,w,,277,3,Viktor,m
278,2,Betty,w,,278,3,Vitus,m
279,2,Caitlyn,w,,279,3,Willem,m
280,2,Carmen,w,,280,3,Yassin,m
281,2,Caroline,w,,281,3,Youssef,m
282,2,Cassidy,w,,282,3,Yusuf,m
283,2,Charlie,w,,283,3,??c,m
284,2,Charlotta,w,,284,2,Abdel,m
285,2,Chiara,w,,285,2,Ahmed,m
286,2,Ciara,w,,286,2,Alex,m
287,2,Claire,w,,287,2,Alvin,m
288,2,Cleo,w,,288,2,Ammar,m
289,2,Cloe,w,,289,2,Anh,m
290,2,Dilara,w,,290,2,Ansgar,m
291,2,Ecrin,w,,291,2,Aram,m
292,2,Eda,w,,292,2,Ares,m
293,2,Elaine,w,,293,2,Arno,m
294,2,Elenor,w,,294,2,Arnold,m
295,2,Eliana,w,,295,2,Ben-Luca,m
296,2,Elif,w,,296,2,Bennett,m
297,2,Elizabeth,w,,297,2,Björn,m
298,2,Emmi,w,,298,2,Corvin,m
299,2,Enie,w,,299,2,Danilo,m
300,2,Enni,w,,300,2,Dennis,m
301,2,Enny,w,,301,2,Dimitrios,m
302,2,Evelin,w,,302,2,Dominic,m
303,2,Ewa,w,,303,2,Eddie,m
304,2,Felia,w,,304,2,Eddy,m
305,2,Fenja,w,,305,2,Egon,m
306,2,Fenna,w,,306,2,Eliah,m
307,2,Fiadh,w,,307,2,Elijah,m
308,2,Fine,w,,308,2,Elio,m
309,2,Franka,w,,309,2,Elliot,m
310,2,Franziska,w,,310,2,Emir,m
311,2,Gaia,w,,311,2,Ernst,m
312,2,Hiba,w,,312,2,Frieder,m
313,2,Isa,w,,313,2,Gennadios,m
314,2,Isabelle,w,,314,2,Hanno,m
315,2,Jana,w,,315,2,Hasan,m
316,2,Jella,w,,316,2,Hassan,m
317,2,Josefine,w,,317,2,Hector,m
318,2,Judith,w,,318,2,Heinrich,m
319,2,Judy,w,,319,2,Henrik,m
320,2,Jula,w,,320,2,Hussein,m
321,2,Juliana,w,,321,2,Igor,m
322,2,Juliane,w,,322,2,Ilia,m
323,2,Kaja,w,,323,2,Ivan,m
324,2,Kara,w,,324,2,Jerome,m
325,2,Karline,w,,325,2,Joko,m
326,2,Karolin,w,,326,2,Joseph,m
327,2,Katniss,w,,327,2,Josia,m
328,2,Kaya,w,,328,2,Joud,m
329,2,Kiara,w,,329,2,Julien,m
330,2,Kim,w,,330,2,Kai,m
331,2,Kimberly,w,,331,2,Kaleo,m
332,2,Lea-Sophie,w,,332,2,Kalle,m
333,2,Leia,w,,333,2,Kenzo,m
334,2,Lenja,w,,334,2,Kian,m
335,2,Leonor,w,,335,2,Kylian,m
336,2,Leony,w,,336,2,Lean,m
337,2,Leyla,w,,337,2,Leandro,m
338,2,Liah,w,,338,2,Leno,m
339,2,Liesbeth,w,,339,2,Lenz,m
340,2,Lilo,w,,340,2,Leonhard,m
341,2,Lilou,w,,341,2,Levente,m
342,2,Linea,w,,342,2,Levian,m
343,2,Linnéa,w,,343,2,Levy,m
344,2,Lioba,w,,344,2,Lias,m
345,2,Lise,w,,345,2,Lion,m
346,2,Liv,w,,346,2,Lorenzo,m
347,2,Lola,w,,347,2,Loris,m
348,2,Lona,w,,348,2,Lovis,m
349,2,Lotti,w,,349,2,Lucian,m
350,2,Louisa,w,,350,2,Malio,m
351,2,Luana,w,,351,2,Marc,m
352,2,Lujain,w,,352,2,Marco,m
353,2,Lynn,w,,353,2,Martin,m
354,2,Macy,w,,354,2,Maxime,m
355,2,Malak,w,,355,2,Mert,m
356,2,Malin,w,,356,2,Milow,m
357,2,Manuela,w,,357,2,Nael,m
358,2,Marieke,w,,358,2,Natan,m
359,2,Marleen,w,,359,2,Nicolas,m
360,2,Marlena,w,,360,2,Niko,m
361,2,Matea,w,,361,2,Nikolaj,m
362,2,Medina,w,,362,2,Nikolas,m
363,2,Meryem,w,,363,2,Nizar,m
364,2,Milana,w,,364,2,Noa,m
365,2,Minh,w,,365,2,Pablo,m
366,2,Minna,w,,366,2,Patrick,m
367,2,Mirna,w,,367,2,Pavlos,m
368,2,Najla,w,,368,2,Pete,m
369,2,Nathalie,w,,369,2,Peter,m
370,2,Neyla,w,,370,2,Philian,m
371,2,Ngoc,w,,371,2,Philip,m
372,2,Nike,w,,372,2,Prince,m
373,2,Nikol,w,,373,2,Quentin,m
374,2,Noa,w,,374,2,Rio,m
375,2,Noemi,w,,375,2,Roman,m
376,2,Nola,w,,376,2,Samson,m
377,2,Ofelia,w,,377,2,Sanad,m
378,2,Philine,w,,378,2,Sandro,m
379,2,Philippa,w,,379,2,Sascha,m
380,2,Polina,w,,380,2,Sean,m
381,2,Rahaf,w,,381,2,Sidney,m
382,2,Resi,w,,382,2,Stefan,m
383,2,Rieke,w,,383,2,Sven,m
384,2,Rike,w,,384,2,Tayler,m
385,2,Rosalia,w,,385,2,Thees,m
386,2,Runa,w,,386,2,Thorben,m
387,2,Samira,w,,387,2,Timon,m
388,2,Sofie,w,,388,2,Titus,m
389,2,Sonia,w,,389,2,Toby,m
390,2,Stefania,w,,390,2,Umar,m
391,2,Stina,w,,391,2,Valentino,m
392,2,Talin,w,,392,2,Wassim,m
393,2,Tarja,w,,393,2,Wiliam,m
394,2,Theodora,w,,394,2,Yaman,m
395,2,Tina,w,,395,2,Yannik,m
396,2,Tomke,w,,396,2,Yaro,m
397,2,Uma,w,,397,2,Yasin,m
398,2,Valea,w,,398,2,Younes,m
399,2,Vera,w,,399,2,Younis,m
400,2,Wanda,w,,400,2,Yousuf,m
401,2,Wilhelmine,w,,401,2,Yunus,m
402,2,Xenia,w,,402,2,Zinedine,m
403,2,Ylvie,w,,403,2,Émile,m
404,2,Zora,w,,404,1,Aban,m
405,2,Zümra,w,,405,1,Abbas,m
406,1,Aahliyah,w,,406,1,Abdisalaan,m
407,1,Adelheid,w,,407,1,Abdou,m
408,1,Adelina,w,,408,1,Abdulla,m
409,1,Afarensis,w,,409,1,Abdulrahim,m
410,1,Agnetha,w,,410,1,Abdulrasag,m
411,1,Aishvi,w,,411,1,Abdurahman,m
412,1,Ajla,w,,412,1,Abed,m
413,1,Ajna,w,,413,1,Abraham,m
414,1,Ajuna,w,,414,1,Adel,m
415,1,Alessa,w,,415,1,Adonay,m
416,1,Alessia,w,,416,1,Aiden,m
417,1,Alessia-Liv,w,,417,1,Ajar,m
418,1,Alexis,w,,418,1,Alberto,m
419,1,Aleyna,w,,419,1,Albrecht,m
420,1,Aleyna-Sema,w,,420,1,Alessandro,m
421,1,Alia,w,,421,1,Alexander-Sebastian,m
422,1,Alicia,w,,422,1,Alexandre,m
423,1,Alima,w,,423,1,Alexandru,m
424,1,Alin,w,,424,1,Alexis,m
425,1,Alisa,w,,425,1,Almutasim,m
426,1,Alisha,w,,426,1,Alois-Yari,m
427,1,Alisia,w,,427,1,Alsultan,m
428,1,Alissa,w,,428,1,Alwalid,m
429,1,Alissia,w,,429,1,Amadeus,m
430,1,Aliyah,w,,430,1,Amanuel,m
431,1,Aljesa,w,,431,1,Amar,m
432,1,Allin,w,,432,1,Amaro,m
433,1,Almasa,w,,433,1,Amaru,m
434,1,Almuth,w,,434,1,Amen,m
435,1,Alwine,w,,435,1,Amer,m
436,1,Amalie,w,,436,1,Amin,m
437,1,Amani,w,,437,1,Amine,m
438,1,Amani-Amber,w,,438,1,Amon,m
439,1,Amara,w,,439,1,Anakin,m
440,1,Amber-Rose,w,,440,1,Anas,m
441,1,Ambra,w,,441,1,Andrej,m
442,1,Amelea,w,,442,1,André,m
443,1,Amila,w,,443,1,Anes,m
444,1,Amla,w,,444,1,Angel,m
445,1,Amrai-Leonore,w,,445,1,Anselm,m
446,1,Amu,w,,446,1,Antoni,m
447,1,Amélia,w,,447,1,Anuar,m
448,1,Ana-Maria,w,,448,1,Aqib,m
449,1,Anaisa,w,,449,1,Aran,m
450,1,Ananda,w,,450,1,Aras,m
451,1,Anastasia-Joleen,w,,451,1,Archie,m
452,1,Anastasija,w,,452,1,Aric,m
453,1,Anastassia,w,,453,1,Aris,m
454,1,Anaya,w,,454,1,Arjen,m
455,1,Anaïs,w,,455,1,Armaan,m
456,1,Andreia,w,,456,1,Artemij,m
457,1,Anela,w,,457,1,Artjom,m
458,1,Angela,w,,458,1,Aryan,m
459,1,Anisa,w,,459,1,Arzan,m
460,1,Anna-Lena,w,,460,1,Atanas,m
461,1,Anna-Lucia,w,,461,1,Atlas,m
462,1,Anna-Magdalena,w,,462,1,Atreus,m
463,1,Annabella,w,,463,1,Augustin,m
464,1,Annalena,w,,464,1,Aukan,m
465,1,Annea,w,,465,1,Aurel,m
466,1,Anneke,w,,466,1,Aurelian,m
467,1,Anneliese,w,,467,1,Aurelian-Hauke,m
468,1,Annica,w,,468,1,Aurelio,m
469,1,Anniko,w,,469,1,Aurelius,m
470,1,Annona,w,,470,1,Aurél,m
471,1,Anri,w,,471,1,Ava,m
472,1,Antonia-Stefania,w,,472,1,Avdulla,m
473,1,Arianne,w,,473,1,Avdyl,m
474,1,Ariele,w,,474,1,Avni,m
475,1,Arinas,w,,475,1,Awin,m
476,1,Arisa,w,,476,1,Axel,m
477,1,Arnika,w,,477,1,Ayan,m
478,1,Aryah-Simolen,w,,478,1,Ayann-Fabyann,m
479,1,Aseel,w,,479,1,Ayden,m
480,1,Asinat,w,,480,1,Aziz,m
481,1,Asma,w,,481,1,Azzam,m
482,1,Asmaa,w,,482,1,Baal,m
483,1,Asra,w,,483,1,Bahar,m
484,1,Assil,w,,484,1,Balthasar,m
485,1,Astrid,w,,485,1,Baran,m
486,1,Augustina,w,,486,1,Barfin,m
487,1,Aurelie,w,,487,1,Ben-Joel,m
488,1,Aurora-Feen,w,,488,1,Bence,m
489,1,Aurélie,w,,489,1,Benedek,m
490,1,Avea,w,,490,1,Benett,m
491,1,Avelina,w,,491,1,Benjiro,m
492,1,Avila,w,,492,1,Benne,m
493,1,Avin,w,,493,1,Bennit,m
494,1,Awlin,w,,494,1,Bente,m
495,1,Ayda,w,,495,1,Bento,m
496,1,Aye,w,,496,1,Bernardo,m
497,1,Ayla-Coco,w,,497,1,Bernd,m
498,1,Aylin,w,,498,1,Bero,m
499,1,Bahar,w,,499,1,Betab,m
500,1,Bana,w,,500,1,Bilal,m
501,1,Banin,w,,501,1,Bin,m
502,1,Baraa,w,,502,1,Bjarne,m
503,1,Baran,w,,503,1,Bob,m
504,1,Barbara,w,,504,1,Bodo,m
505,1,Barbora,w,,505,1,Bogdan,m
506,1,Beate,w,,506,1,Brady,m
507,1,Beatrix,w,,507,1,Brendon,m
508,1,Belkissa,w,,508,1,Brian,m
509,1,Belén,w,,509,1,Brian-Connor,m
510,1,Bernadette,w,,510,1,Bright,m
511,1,Berra,w,,511,1,Bruce,m
512,1,Berta,w,,512,1,Bruno-Adrian,m
513,1,Bilise,w,,513,1,Bryan,m
514,1,Binta,w,,514,1,Bulcsú,m
515,1,Birka,w,,515,1,Burak,m
516,1,Bitanya,w,,516,1,B?o,m
517,1,Bodo,w,,517,1,Caesar,m
518,1,Bogdana,w,,518,1,Caio,m
519,1,Bonnie,w,,519,1,Caius,m
520,1,Brienne,w,,520,1,Caleb,m
521,1,Brigitte,w,,521,1,Carl-Friedrich,m
522,1,Bruna,w,,522,1,Carlson,m
523,1,Bunty,w,,523,1,Charon,m
524,1,Camille,w,,524,1,Chris,m
525,1,Capucine,w,,525,1,Christian,m
526,1,Cara,w,,526,1,Christofer,m
527,1,Carli,w,,527,1,Christoph,m
528,1,Carola,w,,528,1,Christopher,m
529,1,Carolina,w,,529,1,Ciro-Biyan,m
530,1,Cassandra,w,,530,1,Clemens,m
531,1,Cataleya,w,,531,1,Collin,m
532,1,Cate,w,,532,1,Conner,m
533,1,Cecilia,w,,533,1,Connor,m
534,1,Celeste,w,,534,1,Cornell,m
535,1,Celline,w,,535,1,Cosimo,m
536,1,Ceyda,w,,536,1,Cristian,m
537,1,Charlet,w,,537,1,Cristiano,m
538,1,Charline,w,,538,1,Curt,m
539,1,Charlott,w,,539,1,Dalia,m
540,1,Chayenne,w,,540,1,Damien,m
541,1,Chayenne-Marie,w,,541,1,Damon,m
542,1,Chlara,w,,542,1,Daniel-Nicolas,m
543,1,Chloé,w,,543,1,Dardan,m
544,1,Christelle,w,,544,1,Darian,m
545,1,Chrysoula,w,,545,1,Dario,m
546,1,Cimav,w,,546,1,Daris,m
547,1,Cindy,w,,547,1,Darius,m
548,1,Cira-Sophie,w,,548,1,Dave,m
549,1,Ckheytie,w,,549,1,David-Alessio,m
550,1,Clarissa,w,,550,1,Davin,m
551,1,Clementina,w,,551,1,Davis,m
552,1,Cloé,w,,552,1,Dejan-Danijel,m
553,1,Cora,w,,553,1,Denis,m
554,1,Cosima,w,,554,1,Denis-Daniel,m
555,1,Cécilia,w,,555,1,Deniz,m
556,1,Dahlia,w,,556,1,Denny,m
557,1,Dajana,w,,557,1,Deon,m
558,1,Dalin,w,,558,1,Diego,m
559,1,Dalina,w,,559,1,Dilar,m
560,1,Dani,w,,560,1,Dilgesh,m
561,1,Daniela,w,,561,1,Dilshad,m
562,1,Daria,w,,562,1,Dion,m
563,1,Daviana,w,,563,1,Djamil,m
564,1,Deborah,w,,564,1,Domenic,m
565,1,Dillven,w,,565,1,Don,m
566,1,Djelza,w,,566,1,Dries,m
567,1,Dolores,w,,567,1,Drin,m
568,1,Dona,w,,568,1,Dylan,m
569,1,Donya,w,,569,1,Ean,m
570,1,Dunja,w,,570,1,Eden,m
571,1,Dzsamilia,w,,571,1,Edin,m
572,1,Eakien,w,,572,1,Edris,m
573,1,Ecra,w,,573,1,Eduard,m
574,1,Edina,w,,574,1,Edward,m
575,1,Eileen,w,,575,1,Edwin,m
576,1,Elaf,w,,576,1,Eiji,m
577,1,Elahe,w,,577,1,Eike,m
578,1,Elanur,w,,578,1,Elfried,m
579,1,Elara,w,,579,1,Eli,m
580,1,Elaysa,w,,580,1,Eliel,m
581,1,Elda,w,,581,1,Elis,m
582,1,Eleah,w,,582,1,Elisei,m
583,1,Eleana,w,,583,1,Eliyah,m
584,1,Elene,w,,584,1,Eliyas,m
585,1,Eleni,w,,585,1,Elmar,m
586,1,Eleonora,w,,586,1,Elmo,m
587,1,Elfie,w,,587,1,Elwin,m
588,1,Elice,w,,588,1,Elyan,m
589,1,Elina-Mira,w,,589,1,Elyon,m
590,1,Eline,w,,590,1,Emanuel,m
591,1,Elisia,w,,591,1,Emil-Ender,m
592,1,Elisja,w,,592,1,Emilias,m
593,1,Ellaha,w,,593,1,Emiljano,m
594,1,Ellena,w,,594,1,Emin,m
595,1,Elli-Rose,w,,595,1,Emran,m
596,1,Ellie,w,,596,1,Enrico,m
597,1,Ellinor,w,,597,1,Enzo,m
598,1,Elliott,w,,598,1,Eren,m
599,1,Ellis,w,,599,1,Erik-Rafael,m
600,1,Elly,w,,600,1,Ernesto,m
601,1,Ellyn,w,,601,1,Etienne,m
602,1,Elma,w,,602,1,Eugene-Alexei,m
603,1,Elna,w,,603,1,Evan,m
604,1,Elsie,w,,604,1,Eymen,m
605,1,Eluana,w,,605,1,Eyob,m
606,1,Elva,w,,606,1,Ezra,m
607,1,Elydia,w,,607,1,Fabius,m
608,1,Emeli,w,,608,1,Fabrizio,m
609,1,Emelia,w,,609,1,Farid,m
610,1,Emiliana,w,,610,1,Faro,m
611,1,Emilya,w,,611,1,Fateh,m
612,1,Emilya-Jolie,w,,612,1,Fatehdip,m
613,1,Emina,w,,613,1,Fathi,m
614,1,Emmeline,w,,614,1,Favour,m
615,1,Emmely,w,,615,1,Fayaz,m
616,1,Ennie,w,,616,1,Faysal,m
617,1,Enora,w,,617,1,Federico,m
618,1,Eny,w,,618,1,Felian,m
619,1,Enya,w,,619,1,Felipe,m
620,1,Erina,w,,620,1,Fengqiao,m
621,1,Erva,w,,621,1,Feodor,m
622,1,Eslem,w,,622,1,Fidae,m
623,1,Eslem-Eliya,w,,623,1,Filemon,m
624,1,Esma,w,,624,1,Filip,m
625,1,Esme,w,,625,1,Fin,m
626,1,Esra,w,,626,1,Findus,m
627,1,Ester,w,,627,1,Finian,m
628,1,Esther-Riley,w,,628,1,Finjas,m
629,1,Esti,w,,629,1,Finnian,m
630,1,Evangeline,w,,630,1,Finnlay,m
631,1,Evelina,w,,631,1,Finnley,m
632,1,Evelyn,w,,632,1,Fino,m
633,1,Eyana,w,,633,1,Fiodor,m
634,1,Eylül,w,,634,1,Flora,m
635,1,Ezra,w,,635,1,Florin,m
636,1,Fabeha,w,,636,1,Flynn,m
637,1,Fabienne,w,,637,1,Forbene,m
638,1,Fabienné,w,,638,1,Frank,m
639,1,Faith,w,,639,1,Freddie,m
640,1,Fana,w,,640,1,Freddy,m
641,1,Fanni,w,,641,1,Frido,m
642,1,Fatma,w,,642,1,Fron,m
643,1,Fazila,w,,643,1,Fynn-János,m
644,1,Felicia,w,,644,1,Gabriel-Emilio,m
645,1,Felina,w,,645,1,Ganlin,m
646,1,Felipa,w,,646,1,Georg,m
647,1,Feliza,w,,647,1,Georgios,m
648,1,Feride,w,,648,1,Gideon,m
649,1,Filina,w,,649,1,Giuliano,m
650,1,Filipína,w,,650,1,Giuseppe,m
651,1,Finnja,w,,651,1,Gurbaaz,m
652,1,Finya,w,,652,1,Gurveer,m
653,1,Firdaus,w,,653,1,Gustavo,m
654,1,Fleur,w,,654,1,Gustl,m
655,1,Florence,w,,655,1,Géza,m
656,1,Florentina,w,,656,1,Haakon,m
657,1,Florie,w,,657,1,Hajo,m
658,1,Florine,w,,658,1,Hamad,m
659,1,Frances,w,,659,1,Hamze,m
660,1,Francisca,w,,660,1,Hardin,m
661,1,Freda,w,,661,1,Harlyn,m
662,1,Frede,w,,662,1,Haroun,m
663,1,Freija,w,,663,1,Harvey,m
664,1,Freya-Sofie,w,,664,1,Hassari,m
665,1,Friedalotta,w,,665,1,Hauke,m
666,1,Frizzie,w,,666,1,Hayk,m
667,1,Gabriela,w,,667,1,Heinz,m
668,1,Gabriella,w,,668,1,Helge,m
669,1,Gamzenur,w,,669,1,Hendrick,m
670,1,Gesa,w,,670,1,Hendrik,m
671,1,Ghusun,w,,671,1,Hetvik,m
672,1,Giora,w,,672,1,Homann,m
673,1,Giuliana,w,,673,1,Hoàng,m
674,1,Gloria,w,,674,1,Hrachya,m
675,1,Gretchen,w,,675,1,Ianto,m
676,1,Gréta,w,,676,1,Ibat,m
677,1,Gudrun,w,,677,1,Iker,m
678,1,Gwenda,w,,678,1,Ilya,m
679,1,Hadiel,w,,679,1,Immanuel,m
680,1,Hadiye,w,,680,1,Ireneusz,m
681,1,Hafsa,w,,681,1,Isaak,m
682,1,Haily,w,,682,1,Israel,m
683,1,Hala,w,,683,1,Issam,m
684,1,Haley,w,,684,1,Ivar,m
685,1,Hamza,w,,685,1,Ivo,m
686,1,Hana,w,,686,1,Ivo-Dave,m
687,1,Hanan,w,,687,1,Iwan,m
688,1,Hanin,w,,688,1,Iyas,m
689,1,Harneet,w,,689,1,Jad,m
690,1,Harnoor,w,,690,1,Jafet,m
691,1,Hawa,w,,691,1,Jaison,m
692,1,Hayam,w,,692,1,James,m
693,1,Hayar,w,,693,1,Jamie,m
694,1,Haycel,w,,694,1,Jannik-Joel,m
695,1,Hayley,w,,695,1,Jannis-Anthony,m
696,1,Hazel,w,,696,1,Janosh,m
697,1,Hedwig,w,,697,1,Jarek,m
698,1,Hedy,w,,698,1,Jarik,m
699,1,Heelen,w,,699,1,Jarne,m
700,1,Heidi,w,,700,1,Jaromir,m
701,1,Helma,w,,701,1,Jasin,m
702,1,Henja,w,,702,1,Jassim,m
703,1,Henni,w,,703,1,Jawad,m
704,1,Henny,w,,704,1,Jax,m
705,1,Henrieke,w,,705,1,Jay-Dean,m
706,1,Henrik,w,,706,1,Jean-Luca,m
707,1,Heven,w,,707,1,Jean-Pierre,m
708,1,Hevin,w,,708,1,Jebril,m
709,1,Hifar,w,,709,1,Jeele,m
710,1,Hildi,w,,710,1,Jeffrey,m
711,1,Hilja,w,,711,1,Jeremy-Jean,m
712,1,Hinda,w,,712,1,Jesko,m
713,1,Holli,w,,713,1,Jihad,m
714,1,Hurain,w,,714,1,Jillis,m
715,1,Ianthe,w,,715,1,Jim,m
716,1,Iasmina,w,,716,1,Jingyu,m
717,1,Ida-Sophie,w,,717,1,Joakim,m
718,1,Iilaf,w,,718,1,Joakin,m
719,1,Ikran,w,,719,1,Joey,m
720,1,Ilona,w,,720,1,Johan-Christopher,m
721,1,Ilvie,w,,721,1,Johannes-Luis,m
722,1,Ina,w,,722,1,John-William,m
723,1,Inna,w,,723,1,Johnny,m
724,1,Insa,w,,724,1,Jonas-Emilio,m
725,1,Iphigenie,w,,725,1,Jonatan,m
726,1,Irene,w,,726,1,Jonne,m
727,1,Irina,w,,727,1,Jorin,m
728,1,Irma,w,,728,1,Josa,m
729,1,Isabela,w,,729,1,Joschua,m
730,1,Isha,w,,730,1,Josias,m
731,1,Ivi,w,,731,1,Josse,m
732,1,Jadis,w,,732,1,Josua,m
733,1,Jamila,w,,733,1,José,m
734,1,Jamira,w,,734,1,Jovin,m
735,1,Janine,w,,735,1,Juan,m
736,1,Janka,w,,736,1,Jul,m
737,1,Janna,w,,737,1,Julen,m
738,1,Janne,w,,738,1,Juno,m
739,1,Janneke,w,,739,1,Kadir,m
740,1,Janni,w,,740,1,Kahraman,m
741,1,Japnoor,w,,741,1,Kaleb,m
742,1,Jarah,w,,742,1,Kalvin,m
743,1,Jasleen,w,,743,1,Kaml,m
744,1,Jasmina,w,,744,1,Karan,m
745,1,Jasmine,w,,745,1,Kareem,m
746,1,Jasnoor,w,,746,1,Karim,m
747,1,Jelena,w,,747,1,Karl-Friedrich,m
748,1,Jenna,w,,748,1,Karl-Theodor,m
749,1,Jennie,w,,749,1,Karli,m
750,1,Jenny,w,,750,1,Karlmann,m
751,1,Jiren,w,,751,1,Karlos,m
752,1,Jody,w,,752,1,Keke,m
753,1,Joela,w,,753,1,Kekeli,m
754,1,Jojo,w,,754,1,Kenley-Jaden,m
755,1,Jolene-Kristin,w,,755,1,Kerem,m
756,1,Jolie,w,,756,1,Khaled,m
757,1,Jona,w,,757,1,Kiano,m
758,1,Jordan,w,,758,1,Kilan,m
759,1,Josepha,w,,759,1,Killien,m
760,1,Josette,w,,760,1,Kimi,m
761,1,Josie,w,,761,1,Kinan,m
762,1,Joske,w,,762,1,Kinnan,m
763,1,Jud,w,,763,1,Klim,m
764,1,Judit,w,,764,1,Knut,m
765,1,Jule,w,,765,1,Kojiro,m
766,1,Julianna,w,,766,1,Kolya,m
767,1,Juliette,w,,767,1,Konstantinos,m
768,1,Junah,w,,768,1,Kostja,m
769,1,Juni,w,,769,1,Koyo,m
770,1,Junis,w,,770,1,Kristian,m
771,1,Juno,w,,771,1,Krzysztof,m
772,1,Kade,w,,772,1,Kunibert,m
773,1,Kaede,w,,773,1,Laith,m
774,1,Kaija,w,,774,1,Lando,m
775,1,Kali,w,,775,1,Lars,m
776,1,Kamilla,w,,776,1,Laurens,m
777,1,Karine,w,,777,1,Laurent,m
778,1,Karolina,w,,778,1,Laurenz,m
779,1,Kassia,w,,779,1,Laurin,m
780,1,Kassiema,w,,780,1,Lauritz,m
781,1,Kate,w,,781,1,Le,m
782,1,Katelyn,w,,782,1,Leano,m
783,1,Katerina,w,,783,1,Leevi,m
784,1,Kathi,w,,784,1,Leif,m
785,1,Kawthar,w,,785,1,Len,m
786,1,Kejsi,w,,786,1,Lenadro,m
787,1,Ketham,w,,787,1,Lennart,m
788,1,Khadija,w,,788,1,Lennie,m
789,1,Kiara-Marie,w,,789,1,Lenox,m
790,1,Klarissa,w,,790,1,Leonardt,m
791,1,Klaudia,w,,791,1,Leonas,m
792,1,Klea,w,,792,1,Leonidas,m
793,1,Kristina,w,,793,1,Leornardo,m
794,1,Ksenija,w,,794,1,Lerontis,m
795,1,Laian,w,,795,1,Lev,m
796,1,Laila,w,,796,1,Lewi,m
797,1,Lajla,w,,797,1,Lewin,m
798,1,Lan,w,,798,1,Lewis,m
799,1,Lana,w,,799,1,Lexian,m
800,1,Lanthild,w,,800,1,Lijan,m
801,1,Laren,w,,801,1,Lino-Christoph,m
802,1,Laura-Jolien,w,,802,1,Lios,m
803,1,Lavanya,w,,803,1,Liu,m
804,1,Lavea,w,,804,1,Liyam,m
805,1,Lavinia,w,,805,1,Llibert,m
806,1,Layan,w,,806,1,Lloyd,m
807,1,Layla-Fabienne,w,,807,1,Loan,m
808,1,Le,w,,808,1,Loandi,m
809,1,Leandra,w,,809,1,Logan,m
810,1,Leann,w,,810,1,Long,m
811,1,Leen,w,,811,1,Lors,m
812,1,Leevke,w,,812,1,Louay,m
813,1,Lehi,w,,813,1,Louie,m
814,1,Leja,w,,814,1,Luc,m
815,1,Lejla,w,,815,1,Luca-Valentin,m
816,1,Leli,w,,816,1,Lucio,m
817,1,Leni-Amira,w,,817,1,Lucius,m
818,1,Lenke,w,,818,1,Ludovico,m
819,1,Lennja,w,,819,1,Ludwin,m
820,1,Lenya,w,,820,1,Lyo,m
821,1,Leoni,w,,821,1,Maceo,m
822,1,Leonie-Sophie,w,,822,1,Maddox,m
823,1,Leonore,w,,823,1,Mael,m
824,1,Leticia,w,,824,1,Mahamed,m
825,1,Letticia,w,,825,1,Mahdi,m
826,1,Letty,w,,826,1,Mahkan,m
827,1,Levia,w,,827,1,Mahmoud,m
828,1,Leya,w,,828,1,Mailo,m
829,1,Leyah,w,,829,1,Makbel,m
830,1,Leyan,w,,830,1,Malek,m
831,1,Lian,w,,831,1,Mansour,m
832,1,Lianna,w,,832,1,Marcel,m
833,1,Lielle,w,,833,1,Marcell,m
834,1,Lien,w,,834,1,Marelian,m
835,1,Liene-Sophie,w,,835,1,Marian,m
836,1,Lienna,w,,836,1,Maric,m
837,1,Liese,w,,837,1,Marin,m
838,1,Lil,w,,838,1,Markand,m
839,1,Lilja,w,,839,1,Marlin,m
840,1,Lillian,w,,840,1,Marlo,m
841,1,Lilly-Charlott,w,,841,1,Maro,m
842,1,Lina-Celine,w,,842,1,Marten,m
843,1,Lina-Jolien,w,,843,1,Marti,m
844,1,Lio,w,,844,1,Marwan,m
845,1,Lion,w,,845,1,Marwin,m
846,1,Liora,w,,846,1,Massimo,m
847,1,Liva,w,,847,1,Mateo-Ionut,m
848,1,Liên,w,,848,1,Mathias,m
849,1,Ljuba,w,,849,1,Mathéo,m
850,1,Lois,w,,850,1,Matice,m
851,1,Lojien,w,,851,1,Mats-Mikkel,m
852,1,Lone,w,,852,1,Matt,m
853,1,Lora,w,,853,1,Mattes,m
854,1,Loredana,w,,854,1,Matthes,m
855,1,Loreen,w,,855,1,Matthis,m
856,1,Lou,w,,856,1,Mauritz,m
857,1,Louise,w,,857,1,Maurus,m
858,1,Lovis,w,,858,1,Mayar,m
859,1,Lu,w,,859,1,Maël,m
860,1,Luca,w,,860,1,Melchior,m
861,1,Lucia-Milane,w,,861,1,Melvin,m
862,1,Lucie,w,,862,1,Meo,m
863,1,Lucienne-Anne,w,,863,1,Meron,m
864,1,Lucy-Joleen,w,,864,1,Mersad,m
865,1,Ludovica,w,,865,1,Mhmad,m
866,1,Luma,w,,866,1,Micah,m
867,1,Luna-Emilia,w,,867,1,Michel,m
868,1,Luna-Freya,w,,868,1,Mikail,m
869,1,Luna-Sun,w,,869,1,Mikel,m
870,1,Lura,w,,870,1,Mikkel,m
871,1,Lusi,w,,871,1,Milad,m
872,1,Luyi,w,,872,1,Miles,m
873,1,Luzie,w,,873,1,Milian,m
874,1,Lya,w,,874,1,Milo-Lemmy,m
875,1,Lyanna,w,,875,1,Milosch,m
876,1,Lykka,w,,876,1,Mino,m
877,1,Lylia,w,,877,1,Mio-Joel,m
878,1,Lyn,w,,878,1,Miraz,m
879,1,Lysann,w,,879,1,Mirek,m
880,1,Maari,w,,880,1,Mirza,m
881,1,Mabel,w,,881,1,Miró,m
882,1,Madlaina,w,,882,1,Mitja,m
883,1,Madlen,w,,883,1,Miyuan,m
884,1,Madlin,w,,884,1,Momo,m
885,1,Mae-Leona,w,,885,1,Monte,m
886,1,Maeva,w,,886,1,Moris,m
887,1,Maeve,w,,887,1,Muhamad,m
888,1,Magali,w,,888,1,Muhamed,m
889,1,Magda,w,,889,1,Muhammer,m
890,1,Magdalene,w,,890,1,Muhannad,m
891,1,Maggie,w,,891,1,Muslim,m
892,1,Maggy,w,,892,1,Mylan,m
893,1,Maha,w,,893,1,Mylo,m
894,1,Mahsa,w,,894,1,Mythaq,m
895,1,Mai,w,,895,1,Mátay-Milán,m
896,1,Maila,w,,896,1,Mättie,m
897,1,Maite,w,,897,1,Nahele,m
898,1,Malaak,w,,898,1,Nahom,m
899,1,Maleyka,w,,899,1,Nassim,m
900,1,Malika,w,,900,1,Nathan,m
901,1,Manal,w,,901,1,Naven,m
902,1,Manja,w,,902,1,Naël,m
903,1,Manuka,w,,903,1,Neamtu,m
904,1,Maram,w,,904,1,Nelio,m
905,1,Maraya,w,,905,1,Neven,m
906,1,Maresa,w,,906,1,Nevio,m
907,1,Margarete,w,,907,1,Nezir,m
908,1,Margaretha,w,,908,1,Ngoc,m
909,1,Margo,w,,909,1,Nh?t,m
910,1,Marianne,w,,910,1,Nicholas,m
911,1,Marienette,w,,911,1,Nicky,m
912,1,Marike,w,,912,1,Nicola,m
913,1,Mariken,w,,913,1,Nicu,m
914,1,Marileen,w,,914,1,Niel,m
915,1,Marilina,w,,915,1,Niilo,m
916,1,Marisa,w,,916,1,Nilo,m
917,1,Marit,w,,917,1,Nima,m
918,1,Marklina,w,,918,1,Nino-Joel,m
919,1,Marleia,w,,919,1,Nio,m
920,1,Marlen,w,,920,1,Noah-André,m
921,1,Marlies,w,,921,1,Noctis,m
922,1,Mary,w,,922,1,Nordi,m
923,1,Marysia,w,,923,1,Nour,m
924,1,Masa,w,,924,1,Noureldin,m
925,1,Matilde,w,,925,1,Noyi,m
926,1,Mattea,w,,926,1,Nuko,m
927,1,Matylda,w,,927,1,Oakley,m
928,1,Maximilian,w,,928,1,Oden,m
929,1,Mayla,w,,929,1,Odin,m
930,1,Maylin,w,,930,1,Oke,m
931,1,Maysa,w,,931,1,Olisa,m
932,1,Maïa,w,,932,1,Olivier,m
933,1,Meda,w,,933,1,Olli,m
934,1,Meghan,w,,934,1,Olof,m
935,1,Mei,w,,935,1,Omara,m
936,1,Meilin,w,,936,1,Omo,m
937,1,Meja,w,,937,1,Omran,m
938,1,Melanie,w,,938,1,Ori,m
939,1,Melika,w,,939,1,Orson,m
940,1,Melinda,w,,940,1,Oswald,m
941,1,Melisa,w,,941,1,Ove,m
942,1,Mellia,w,,942,1,O?uzhan,m
943,1,Menessa,w,,943,1,Pascal,m
944,1,Meral,w,,944,1,Patrik,m
945,1,Merida,w,,945,1,Paul-Gustav,m
946,1,Merijem,w,,946,1,Paul-Ricardo,m
947,1,Merle-Sophie,w,,947,1,Paul-Stanlay,m
948,1,Merry,w,,948,1,Paula,m
949,1,Mersana,w,,949,1,Pavel,m
950,1,Merve,w,,950,1,Peiman,m
951,1,Merza,w,,951,1,Pelle,m
952,1,Mette,w,,952,1,Pepé,m
953,1,Meva,w,,953,1,Pesheng,m
954,1,Mia-Amelie,w,,954,1,Petar,m
955,1,Mia-Elena,w,,955,1,Pham,m
956,1,Mia-Mathilda,w,,956,1,Phil,m
957,1,Mia-Melina,w,,957,1,Phillip,m
958,1,Mia-Sophie,w,,958,1,Phillipp,m
959,1,Miabelle,w,,959,1,Phinley,m
960,1,Mica,w,,960,1,Pit,m
961,1,Michalina,w,,961,1,Pius,m
962,1,Miela,w,,962,1,Priam,m
963,1,Miha,w,,963,1,Pépe,m
964,1,Mihaela,w,,964,1,Qais,m
965,1,Mihrimah,w,,965,1,Qusai,m
966,1,Mika,w,,966,1,Rabie,m
967,1,Milea,w,,967,1,Radoslav,m
968,1,Mileen,w,,968,1,Raik,m
969,1,Milin,w,,969,1,Rakan,m
970,1,Milly,w,,970,1,Ramy,m
971,1,Milou,w,,971,1,Rani,m
972,1,Minnie,w,,972,1,Ranjodh,m
973,1,Minoa,w,,973,1,Rasim,m
974,1,Mirabel,w,,974,1,Raul,m
975,1,Mirabell,w,,975,1,René,m
976,1,Miral,w,,976,1,Reto,m
977,1,Miray,w,,977,1,Reyan,m
978,1,Mirella,w,,978,1,River,m
979,1,Mirjam,w,,979,1,Riyansh,m
980,1,Miyu,w,,980,1,Robert,m
981,1,Moana,w,,981,1,Roberto,m
982,1,Moira,w,,982,1,Rocco,m
983,1,Monaware,w,,983,1,Rocky,m
984,1,Morgiana,w,,984,1,Rodi,m
985,1,Muhra,w,,985,1,Rudransh,m
986,1,Muntaha,w,,986,1,Rufus,m
987,1,Muriel,w,,987,1,Rune,m
988,1,Muska,w,,988,1,Saabir,m
989,1,Muxiao,w,,989,1,Safwen,m
990,1,Myriam,w,,990,1,Sagidsalim,m
991,1,Märit,w,,991,1,Salomo,m
992,1,Mónica,w,,992,1,Sami,m
993,1,Nadine,w,,993,1,Sammy,m
994,1,Nai,w,,994,1,Samriye,m
995,1,Naima,w,,995,1,Samu,m
996,1,Nala,w,,996,1,Savas,m
997,1,Nancy,w,,997,1,Sawan,m
998,1,Naomi,w,,998,1,Sayed,m
999,1,Nara,w,,999,1,Sayf,m
1000,1,Natalia,w,,1000,1,Saymon,m
1001,1,Natalya-Maria,w,,1001,1,Scott,m
1002,1,Nayla,w,,1002,1,Sebastian,m
1003,1,Nazar,w,,1003,1,Sejid,m
1004,1,Nea,w,,1004,1,Selim,m
1005,1,Neela,w,,1005,1,Seliyan,m
1006,1,Neila,w,,1006,1,Shandao,m
1007,1,Nele-Marie,w,,1007,1,Sharef,m
1008,1,Nele-Sophie,w,,1008,1,Shehryar,m
1009,1,Nellie,w,,1009,1,Shihab,m
1010,1,Ngan,w,,1010,1,Sidl,m
1011,1,Ng?c,w,,1011,1,Silas,m
1012,1,Niala,w,,1012,1,Simba,m
1013,1,Nihal,w,,1013,1,Simeon,m
1014,1,Nikki,w,,1014,1,Sion,m
1015,1,Nil,w,,1015,1,Sipan,m
1016,1,Nimrat,w,,1016,1,Sky,m
1017,1,Ninetta,w,,1017,1,Sobhan,m
1018,1,Ninja,w,,1018,1,Sora,m
1019,1,Nita,w,,1019,1,Stepan,m
1020,1,Noha,w,,1020,1,Stephan,m
1021,1,Noor,w,,1021,1,Steve,m
1022,1,Norah,w,,1022,1,Stoyan,m
1023,1,Nour,w,,1023,1,Suhaib,m
1024,1,Nova,w,,1024,1,Suheyeb,m
1025,1,Novalie,w,,1025,1,Suleman,m
1026,1,Noémi,w,,1026,1,Sultane,m
1027,1,Nram,w,,1027,1,Sun-Kyle,m
1028,1,Nuria,w,,1028,1,Sunjata,m
1029,1,Nuru,w,,1029,1,Svante,m
1030,1,Ny,w,,1030,1,Syrtaki,m
1031,1,Néle,w,,1031,1,Szilárd,m
1032,1,Oana,w,,1032,1,Sîyabend,m
1033,1,Odilia,w,,1033,1,Süleyman,m
1034,1,Ohana,w,,1034,1,Taavi,m
1035,1,Olive,w,,1035,1,Taem,m
1036,1,Olívia,w,,1036,1,Tajldien,m
1037,1,Ostara,w,,1037,1,Tama?,m
1038,1,Padma,w,,1038,1,Tamilo,m
1039,1,Panagiota,w,,1039,1,Tanush,m
1040,1,Paolina,w,,1040,1,Tareq,m
1041,1,Parmis,w,,1041,1,Tarjei,m
1042,1,Parveen,w,,1042,1,Tavi,m
1043,1,Pella,w,,1043,1,Tawfik,m
1044,1,Penelope,w,,1044,1,Tayler-Andrew,m
1045,1,Penelope-Hope,w,,1045,1,Tayler-Noel,m
1046,1,Philina,w,,1046,1,Tayo,m
1047,1,Phoebe,w,,1047,1,Teo,m
1048,1,Pola,w,,1048,1,Teofil,m
1049,1,Polly,w,,1049,1,Terence,m
1050,1,Pollyanna,w,,1050,1,Thando,m
1051,1,Progress,w,,1051,1,Themeon,m
1052,1,Prosperity,w,,1052,1,Theodore,m
1053,1,Putu,w,,1053,1,Theon,m
1054,1,Qu?nh,w,,1054,1,Theordor,m
1055,1,Raabha,w,,1055,1,Thiago,m
1056,1,Rafif,w,,1056,1,Thorin,m
1057,1,Ragad,w,,1057,1,Thoryn,m
1058,1,Raja,w,,1058,1,Tian,m
1059,1,Rama,w,,1059,1,Tillmann,m
1060,1,Rania,w,,1060,1,Tilmann,m
1061,1,Raya,w,,1061,1,Tim-Anthony,m
1062,1,Rayan,w,,1062,1,Timmy,m
1063,1,Remas,w,,1063,1,Tino,m
1064,1,Rende,w,,1064,1,Tita,m
1065,1,Renesmee,w,,1065,1,Tizian,m
1066,1,Resa,w,,1066,1,Tiziano,m
1067,1,Retal,w,,1067,1,Tjark,m
1068,1,Rila,w,,1068,1,Tobiasz,m
1069,1,Rina,w,,1069,1,Tomasz,m
1070,1,Rita,w,,1070,1,Tomte,m
1071,1,Riwayat,w,,1071,1,Trajan,m
1072,1,Riya,w,,1072,1,Tuan,m
1073,1,Robinia,w,,1073,1,Tudor,m
1074,1,Roderika,w,,1074,1,Tyler,m
1075,1,Rohama,w,,1075,1,Tyler-Joel,m
1076,1,Rosabelle,w,,1076,1,Tymon,m
1077,1,Rose,w,,1077,1,Tyron,m
1078,1,Roshna,w,,1078,1,Ubeydullah,m
1079,1,Roxana,w,,1079,1,Udo,m
1080,1,Rubi,w,,1080,1,Ulrich,m
1081,1,Ruken,w,,1081,1,Umberto,m
1082,1,Sabila,w,,1082,1,Uroš,m
1083,1,Sadie,w,,1083,1,Ushman,m
1084,1,Safiya,w,,1084,1,Vicco,m
1085,1,Sahra,w,,1085,1,Vico,m
1086,1,Sakura,w,,1086,1,Victor,m
1087,1,Sali,w,,1087,1,Viggo,m
1088,1,Salma,w,,1088,1,Vilem,m
1089,1,Salome,w,,1089,1,Vilko,m
1090,1,Samantha,w,,1090,1,Ville,m
1091,1,Sana,w,,1091,1,Vin,m
1092,1,Sandra,w,,1092,1,Vincenz,m
1093,1,Sanna,w,,1093,1,Vinzenz,m
1094,1,Sanny,w,,1094,1,Vito,m
1095,1,Saphira,w,,1095,1,Viyar,m
1096,1,Sarina,w,,1096,1,Vlad,m
1097,1,Sasha,w,,1097,1,Vladislav,m
1098,1,Sasin,w,,1098,1,Vuk,m
1099,1,Scarlet,w,,1099,1,Watan,m
1100,1,Scarlett-Magdalena,w,,1100,1,Willo,m
1101,1,Sefora,w,,1101,1,Wilm,m
1102,1,Seinab,w,,1102,1,Wincent,m
1103,1,Selena,w,,1103,1,Wisam,m
1104,1,Selin,w,,1104,1,Wojciech,m
1105,1,Sema,w,,1105,1,Wolfgang,m
1106,1,Senna,w,,1106,1,Wotan,m
1107,1,Senta,w,,1107,1,Wyatt,m
1108,1,Serafina,w,,1108,1,Xavier,m
1109,1,Serafine,w,,1109,1,Yael,m
1110,1,Seraphima,w,,1110,1,Yahya,m
1111,1,Seraphina,w,,1111,1,Yanis,m
1112,1,Sermina,w,,1112,1,Yannis,m
1113,1,Serwina,w,,1113,1,Yara,m
1114,1,Setayesh,w,,1114,1,Yaron,m
1115,1,Shiba,w,,1115,1,Yasha,m
1116,1,Shima,w,,1116,1,Yasser,m
1117,1,Shkurte,w,,1117,1,Yazan,m
1118,1,Shravani,w,,1118,1,Yazn,m
1119,1,Shuruk,w,,1119,1,Yichen,m
1120,1,Shuyou,w,,1120,1,Yorick,m
1121,1,Sidra,w,,1121,1,Youness,m
1122,1,Siiri,w,,1122,1,Yunus-Emre,m
1123,1,Sila,w,,1123,1,Yuri,m
1124,1,Simon,w,,1124,1,Zaeid,m
1125,1,Singiten,w,,1125,1,Zaid,m
1126,1,Sirin,w,,1126,1,Zaman,m
1127,1,Skylar-Marie,w,,1127,1,Ziad,m
1128,1,Sofia-Jolie,w,,1128,1,Zidan,m
1129,1,Sofia-Sissi,w,,1129,1,Ãdam,m
1130,1,Solvej,w,,,,,
1131,1,Solène,w,,,,,
1132,1,Someya,w,,,,,
1133,1,Sophy,w,,,,,
1134,1,Soraya,w,,,,,
1135,1,Spencer-Nora,w,,,,,
1136,1,Stefy,w,,,,,
1137,1,Stella-Jolien,w,,,,,
1138,1,Sumaya,w,,,,,
1139,1,Sundes,w,,,,,
1140,1,Sylvia,w,,,,,
1141,1,Tabita,w,,,,,
1142,1,Taia,w,,,,,
1143,1,Talea,w,,,,,
1144,1,Talvi,w,,,,,
1145,1,Tamara,w,,,,,
1146,1,Tamia,w,,,,,
1147,1,Tamina,w,,,,,
1148,1,Tania,w,,,,,
1149,1,Tanja,w,,,,,
1150,1,Tanveer,w,,,,,
1151,1,Tara,w,,,,,
1152,1,Teif,w,,,,,
1153,1,Teresa,w,,,,,
1154,1,Thalya,w,,,,,
1155,1,Thelma,w,,,,,
1156,1,Theresia,w,,,,,
1157,1,Thora,w,,,,,
1158,1,Thuc,w,,,,,
1159,1,Thuy,w,,,,,
1160,1,Théa,w,,,,,
1161,1,Th?y,w,,,,,
1162,1,Tiara,w,,,,,
1163,1,Tijara,w,,,,,
1164,1,Tomris,w,,,,,
1165,1,Tori,w,,,,,
1166,1,Tran,w,,,,,
1167,1,Tukka,w,,,,,
1168,1,Tyra,w,,,,,
1169,1,Umi,w,,,,,
1170,1,Ute,w,,,,,
1171,1,Valerie,w,,,,,
1172,1,Valka,w,,,,,
1173,1,Valma,w,,,,,
1174,1,Valéria,w,,,,,
1175,1,Varisha,w,,,,,
1176,1,Velina,w,,,,,
1177,1,Vida,w,,,,,
1178,1,Vivian,w,,,,,
1179,1,Wafa,w,,,,,
1180,1,Wanja,w,,,,,
1181,1,Wilfriede,w,,,,,
1182,1,Wolke,w,,,,,
1183,1,Yama,w,,,,,
1184,1,Yasmina,w,,,,,
1185,1,Yelena,w,,,,,
1186,1,Yella,w,,,,,
1187,1,Ylenia,w,,,,,
1188,1,Ylvi,w,,,,,
1189,1,Yolanda,w,,,,,
1190,1,Yonna,w,,,,,
1191,1,Yordanos,w,,,,,
1192,1,Yosser,w,,,,,
1193,1,Yuma,w,,,,,
1194,1,Yve,w,,,,,
1195,1,Zahra,w,,,,,
1196,1,Zainab,w,,,,,
1197,1,Zaineb,w,,,,,
1198,1,Zakia,w,,,,,
1199,1,Zelda,w,,,,,
1200,1,Zerda,w,,,,,
1201,1,Zin,w,,,,,
1202,1,Zinah,w,,,,,
1203,1,Zinat,w,,,,,
1204,1,Zita,w,,,,,
1205,1,Zoe-Annett,w,,,,,
1206,1,Zoya,w,,,,,
1207,1,Zoé,w,,,,,
1208,1,Zuha,w,,,,,
1209,1,Zuzanna,w,,,,,
1210,1,Ái,w,,,,,
1211,1,?tefania,w,,,,,
