vornamen,anzahl,geschlecht
Maximilian,165,m
Jakob,123,m
Anna,117,w
Felix,113,m
David,108,m
Paul,104,m
Sophia,103,w
Emilia,97,w
Moritz,87,m
Jonas,87,m
Alexander,86,m
Emma,86,w
Lukas,85,m
Mia,84,w
Sophie,79,w
Marie,79,w
Anton,77,m
Emil,76,m
Laura,75,w
Julian,74,m
Noah,73,m
Leopold,72,m
Lena,72,w
Johanna,72,w
Valentin,70,m
Charlotte,70,w
Leon,69,m
Vincent,68,m
Luisa,68,w
Ella,66,w
Luis,65,m
Samuel,64,m
Helena,63,w
Elias,61,m
Lina,61,w
Amelie,61,w
Antonia,61,w
Benjamin,57,m
Hanna,56,w
Lea,55,w
Clara,55,w
Mila,54,w
Paula,54,w
Hannah,54,w
Daniel,53,m
Leo,53,m
Theresa,53,w
Julius,51,m
Sofia,51,w
Jonathan,50,m
Oskar,50,m
Magdalena,49,w
Theo,48,m
Maria,48,w
Julia,48,w
Tim,47,m
Philipp,47,m
Lara,47,w
Greta,47,w
Simon,46,m
Niklas,46,m
Valentina,46,w
Marlene,45,w
Emily,45,w
Raphael,44,m
Ben,44,m
Sarah,43,w
Sebastian,42,m
Sara,42,w
Ida,42,w
Elisa,42,w
Max,41,m
Fabian,41,m
Isabella,41,w
Benedikt,40,m
Victoria,40,w
Leonie,40,w
Frida,39,w
Leni,39,w
Elena,39,w
Henri,37,m
Xaver,37,m
Katharina,37,w
Luca,36,m
Ferdinand,36,m
Louis,35,m
Michael,34,m
Theodor,34,m
Franziska,34,w
Gabriel,33,m
Ludwig,32,m
Henry,32,m
Nicolas,32,m
Johannes,32,m
Olivia,32,w
Luise,32,w
Florian,31,m
Leonard,31,m
Nora,31,w
Lisa,30,w
Klara,30,w
Louisa,30,w
Lucia,30,w
Adrian,29,m
Eva,29,w
Maya,29,w
Dominik,28,m
Matteo,28,m
Levi,28,m
Konstantin,28,m
Kilian,28,m
Josephine,28,w
Tobias,27,m
Liam,27,m
Zoe,27,w
Elisabeth,27,w
Elif,27,w
Jan,26,m
Linda,26,w
Carla,26,w
Mathilda,26,w
Johann,25,m
Finn,25,m
Rosalie,25,w
Carlotta,25,w
Lotta,25,w
Rafael,24,m
Melina,24,w
Josefine,24,w
Erik,23,m
Adam,23,m
Oliver,23,m
Miriam,23,w
Alina,23,w
Lorenz,22,m
Pauline,22,w
Maja,22,w
Valerie,22,w
Carl,21,m
Korbinian,21,m
Ali,21,m
Ava,21,w
Mira,21,w
Luka,20,m
Karl,20,m
Nina,20,w
Stella,20,w
Alma,20,w
Filip,19,m
Jonah,19,m
Elyas,19,m
Thomas,19,m
Anastasia,19,w
Viktoria,19,w
Frieda,19,w
Nico,18,m
Alexandra,18,w
Lilly,18,w
Mina,18,w
Aurelia,18,w
Stefan,17,m
Frederik,17,m
Arthur,17,m
Hugo,17,m
Tom,17,m
Constantin,17,m
Hannes,17,m
Nils,17,m
Franz,17,m
Pia,17,w
Fiona,17,w
Amina,17,w
Matilda,17,w
Jasmin,17,w
Lucas,16,m
Ibrahim,16,m
Bastian,16,m
Luna,16,w
Nele,16,w
Paulina,16,w
Matthias,15,m
Philip,15,m
Mateo,15,m
Toni,15,m
Leonardo,15,m
Marlon,15,m
Marko,15,m
Romy,15,w
Lia,15,w
Annika,15,w
Melissa,15,w
Karla,15,w
Mara,15,w
Christian,14,m
Yusuf,14,m
Lion,14,m
Andreas,14,m
Malik,14,m
Levin,14,m
Vanessa,14,w
Felicitas,14,w
Philippa,14,w
Rosa,14,w
Emilie,14,w
Isabel,14,w
+,14,w
Joshua,13,m
Milan,13,m
Aaron,13,m
Noel,13,m
Linus,13,m
Marina,13,w
Veronika,13,w
Bruno,12,m
Martin,12,m
Justus,12,m
Robert,12,m
Jana,12,w
Tilda,12,w
Elina,12,w
Alicia,12,w
Selina,12,w
Milena,12,w
Ilyas,11,m
Jacob,11,m
Mark,11,m
Gustav,11,m
Jannik,11,m
Mats,11,m
Marc,11,m
Emir,11,m
Vitus,11,m
Quirin,11,m
Marco,11,m
Oscar,11,m
Emilio,11,m
Lennard,11,m
Annabelle,11,w
Giulia,11,w
Samira,11,w
Lilli,11,w
Rebecca,11,w
Helene,11,w
Lorena,11,w
Elsa,11,w
Aurora,11,w
Henrik,10,m
Mert,10,m
Mohammed,10,m
Mika,10,m
Hamza,10,m
Leonhard,10,m
August,10,m
William,10,m
Peter,10,m
Damian,10,m
Viktor,10,m
Diego,10,m
Markus,10,m
Amir,10,m
Deniz,10,m
Nikolas,10,m
Tristan,10,m
Leander,10,m
Ela,10,w
Diana,10,w
Lucy,10,w
Amalia,10,w
Florentine,10,w
Lana,10,w
Selma,10,w
Angelina,10,w
Azra,10,w
Alisa,10,w
Nika,10,w
Ronja,10,w
Caspar,9,m
Jasper,9,m
Lennart,9,m
Laurenz,9,m
Benno,9,m
Younes,9,m
Otto,9,m
John,9,m
Carlo,9,m
Konrad,9,m
Fritz,9,m
Christopher,9,m
Manuel,9,m
Mohammad,9,m
Lasse,9,m
Georgios,9,m
Lionel,9,m
Maxim,9,m
Muhammad,9,m
Anni,9,w
Martha,9,w
Marla,9,w
Livia,9,w
Leyla,9,w
Nela,9,w
Isabelle,9,w
Filippa,9,w
Noemi,9,w
Mustafa,8,m
Enes,8,m
Severin,8,m
Mohamed,8,m
Ahmed,8,m
Laurin,8,m
Jona,8,m
Ioannis,8,m
Georg,8,m
Patrick,8,m
Timo,8,m
Friedrich,8,m
Kian,8,m
Alessio,8,m
Eric,8,m
Joel,8,m
Elise,8,w
Emelie,8,w
Melisa,8,w
Alessia,8,w
Ines,8,w
Amanda,8,w
Fatima,8,w
Lotte,8,w
Leah,8,w
Dilara,8,w
Amelia,8,w
Juna,8,w
Meryem,8,w
Teresa,8,w
Cecilia,8,w
Christina,8,w
Hana,8,w
Aliya,8,w
Nisa,8,w
Clemens,7,m
Ole,7,m
Alex,7,m
Fabio,7,m
Arian,7,m
Sami,7,m
Pepe,7,m
Elijah,7,m
Till,7,m
Aras,7,m
Nikolaos,7,m
Victor,7,m
Lio,7,m
Nathan,7,m
Ivan,7,m
Valentino,7,m
Armin,7,m
Muhammed,7,m
Antonio,7,m
Ahmad,7,m
Alexandros,7,m
Vito,7,m
Christoph,7,m
Emanuel,7,m
Thea,7,w
Michelle,7,w
Erika,7,w
Maryam,7,w
Helen,7,w
Sonja,7,w
Celina,7,w
Esila,7,w
Tabea,7,w
Eliana,7,w
Zeynep,7,w
Louise,7,w
Selin,7,w
Celine,7,w
Cataleya,7,w
Carolin,7,w
Milla,7,w
Tessa,7,w
Katarina,7,w
Alissa,7,w
Ayla,7,w
Flora,7,w
Julie,7,w
Alea,7,w
Eleonora,7,w
Finja,7,w
Jara,7,w
Ana,7,w
Letizia,7,w
Yunus,6,m
Nikolai,6,m
Richard,6,m
Frederick,6,m
Johan,6,m
Lian,6,m
Albert,6,m
Josef,6,m
Quentin,6,m
Aleksandar,6,m
Yasin,6,m
Niclas,6,m
Leandro,6,m
Kevin,6,m
Can,6,m
Mathis,6,m
Robin,6,m
Nick,6,m
Malte,6,m
Amar,6,m
Diar,6,m
Joseph,6,m
James,6,m
Pascal,6,m
Ryan,6,m
Nepomuk,6,m
Pablo,6,m
Carlos,6,m
Jannis,6,m
Emilian,6,m
Elin,6,w
Karolina,6,w
Lola,6,w
Ada,6,w
Felia,6,w
Eliza,6,w
Alena,6,w
Viola,6,w
Laetitia,6,w
Carolina,6,w
Tuana,6,w
Melek,6,w
Amy,6,w
Tara,6,w
Caroline,6,w
Emely,6,w
Mathilde,6,w
Liliana,6,w
Leonora,6,w
Chiara,6,w
Rania,6,w
Vivien,6,w
Ellie,6,w
Anais,6,w
Asya,6,w
Pina,6,w
Aylin,6,w
Ilja,5,m
Darius,5,m
Elia,5,m
Fynn,5,m
Augustin,5,m
Milo,5,m
Edward,5,m
Davide,5,m
Luke,5,m
Abdullah,5,m
Dominic,5,m
Nelson,5,m
Marcel,5,m
Vinzenz,5,m
Eduard,5,m
Riccardo,5,m
Efe,5,m
Phillip,5,m
Konstantinos,5,m
Mirac,5,m
Louie,5,m
Giovanni,5,m
Kerim,5,m
Taha,5,m
Gregor,5,m
Benedict,5,m
Eren,5,m
Jakub,5,m
Leart,5,m
Magnus,5,m
Kaspar,5,m
Charlie,5,m
+,5,m
Darian,5,m
Niko,5,m
Mattis,5,m
Omar,5,m
Lino,5,m
Frederic,5,m
Sayed,5,m
Nathaniel,5,m
Aiden,5,m
Ilias,5,m
Teo,5,m
Titus,5,m
Lars,5,m
Yigit,5,m
Eymen,5,m
Arvid,5,m
Elizabeth,5,w
Ariana,5,w
Svea,5,w
Sina,5,w
Freya,5,w
Daria,5,w
Marlena,5,w
Noa,5,w
Emmy,5,w
Philine,5,w
Valeria,5,w
Zehra,5,w
Juli,5,w
Gabriela,5,w
Patricia,5,w
Esma,5,w
Beren,5,w
Medina,5,w
Merle,5,w
Adriana,5,w
Annelie,5,w
Mariella,5,w
Lilian,5,w
Nicole,5,w
Henriette,5,w
Mayla,5,w
Hira,5,w
Susanna,5,w
Cleo,5,w
Kristina,5,w
Kiara,5,w
Lili,5,w
Penelope,5,w
Zara,5,w
Cosima,5,w
Daniela,5,w
Alice,5,w
Vera,5,w
Sana,5,w
Charlotta,5,w
Adele,5,w
Mona,5,w
Jessica,5,w
Kai,4,m
Jason,4,m
Leonidas,4,m
Rufus,4,m
Duc,4,m
Francesco,4,m
Aryan,4,m
Emre,4,m
Din,4,m
Alessandro,4,m
Maurice,4,m
Eris,4,m
Chris,4,m
Lewis,4,m
Hans,4,m
Youssef,4,m
Anas,4,m
Justin,4,m
Rayan,4,m
Ian,4,m
Lias,4,m
Samir,4,m
Arda,4,m
Nikita,4,m
Amin,4,m
Nicholas,4,m
Flynn,4,m
Cornelius,4,m
Ledion,4,m
Joscha,4,m
Kerem,4,m
Daris,4,m
Antoni,4,m
Emin,4,m
Ricardo,4,m
Wilhelm,4,m
Dennis,4,m
Boris,4,m
Jeremy,4,m
Poyraz,4,m
Berat,4,m
Mahir,4,m
Wiktor,4,m
Dario,4,m
Anik,4,m
Janosch,4,m
Michail,4,m
Denis,4,m
Santiago,4,m
Paolo,4,m
Yassin,4,m
Lorik,4,m
Samu,4,m
Mathias,4,m
Bilal,4,m
Adriano,4,m
Jad,4,m
Jamie,4,m
Lily,4,w
Lavinia,4,w
Luana,4,w
Miray,4,w
Liah,4,w
Malin,4,w
Leticia,4,w
Nila,4,w
Thalia,4,w
Sofija,4,w
Juno,4,w
Maira,4,w
Raphaela,4,w
Josephina,4,w
Laila,4,w
Heidi,4,w
Lilia,4,w
Alba,4,w
Jule,4,w
Estelle,4,w
Rona,4,w
Annie,4,w
Judith,4,w
Lucie,4,w
Yasmin,4,w
Smilla,4,w
Juliane,4,w
Delia,4,w
Margarita,4,w
Soraya,4,w
Yael,4,w
Zoey,4,w
Adina,4,w
Liya,4,w
Kira,4,w
Malak,4,w
Alva,4,w
Ioanna,4,w
Annemarie,4,w
Iva,4,w
Elenor,4,w
Fanni,4,w
Amira,4,w
Aliyah,4,w
Nikolina,4,w
Lora,4,w
Kaja,4,w
Anouk,4,w
Alexa,4,w
Karlotta,4,w
Malia,4,w
Yaren,4,w
Mariam,4,w
Felicia,4,w
Ilaria,4,w
Kim,4,w
Michaela,4,w
Rita,4,w
Eleanor,4,w
Enna,4,w
Rana,4,w
Yara,4,w
Marlen,4,w
Elli,4,w
Damjan,3,m
Tony,3,m
Yaser,3,m
Marvin,3,m
Karim,3,m
Jannick,3,m
Matej,3,m
Ömer,3,m
Elian,3,m
Azad,3,m
Maksim,3,m
Florentin,3,m
Anes,3,m
Thiago,3,m
Jon,3,m
Alois,3,m
Ari,3,m
Alvin,3,m
Haris,3,m
Xavier,3,m
Dijar,3,m
Hasan,3,m
Ezra,3,m
Nicklas,3,m
Vinzent,3,m
Emmanuel,3,m
Veit,3,m
Danny,3,m
Lorian,3,m
Davud,3,m
Yaman,3,m
Samuele,3,m
Matija,3,m
Joschua,3,m
Baran,3,m
Dylan,3,m
Imran,3,m
Vincenz,3,m
Casimir,3,m
Metehan,3,m
Kenan,3,m
Noa,3,m
Navid,3,m
Andrej,3,m
Matheo,3,m
Jimmy,3,m
Colin,3,m
Vince,3,m
Kaleb,3,m
Nemanja,3,m
Andrei,3,m
Eray,3,m
Edin,3,m
Mio,3,m
Sam,3,m
Harry,3,m
Lewin,3,m
Tugra,3,m
Silas,3,m
Mate,3,m
Lunis,3,m
Ismail,3,m
Timon,3,m
Mouhamed,3,m
Raffael,3,m
Nikolaus,3,m
Talha,3,m
Tommaso,3,m
Lenny,3,m
Noam,3,m
Marwin,3,m
Quinn,3,m
Artur,3,m
Maxime,3,m
Igor,3,m
Tilman,3,m
Aron,3,m
Aris,3,m
Ardian,3,m
Benett,3,m
Selim,3,m
Neo,3,m
Hassan,3,m
Melih,3,m
Anian,3,m
Ertugrul,3,m
Jovan,3,m
Leonis,3,m
Yahya,3,m
Christos,3,m
Matthew,3,m
Leonid,3,m
Mihael,3,m
Kacper,3,m
Bela,3,m
Mino,3,m
Beatrice,3,w
Lenia,3,w
Kiana,3,w
Violetta,3,w
Theodora,3,w
Evelina,3,w
Nuria,3,w
Rafaela,3,w
Samantha,3,w
Leoni,3,w
Jelena,3,w
Celia,3,w
Malena,3,w
Jennifer,3,w
Filipa,3,w
Isra,3,w
Wanda,3,w
Clea,3,w
Loana,3,w
Ceyda,3,w
Luzia,3,w
Hayat,3,w
Betül,3,w
Ellen,3,w
Polly,3,w
Melia,3,w
Anastasija,3,w
Madina,3,w
Martina,3,w
Nefeli,3,w
Käthe,3,w
Tamara,3,w
Anja,3,w
Fenja,3,w
Hazal,3,w
Tamina,3,w
Dina,3,w
Ellis,3,w
Malou,3,w
Jenny,3,w
Sila,3,w
Aaliyah,3,w
Zora,3,w
Natalia,3,w
Nala,3,w
Cara,3,w
Erina,3,w
Neela,3,w
Rina,3,w
Alia,3,w
Yasemin,3,w
Flavia,3,w
Jonna,3,w
Lou,3,w
Kimberly,3,w
Florentina,3,w
Milana,3,w
Tanja,3,w
Fabienne,3,w
Eleni,3,w
Neyla,3,w
Sahra,3,w
Lejla,3,w
Adna,3,w
Dana,3,w
Andrea,3,w
Naomi,3,w
Aisha,3,w
Afroditi,3,w
Lilith,3,w
Liv,3,w
Nadia,3,w
Merve,3,w
Larissa,3,w
Fatma,3,w
Yasmine,3,w
Dalia,3,w
Romi,3,w
Luzie,3,w
Marianna,3,w
Ece,3,w
Evelyn,3,w
Melanie,3,w
Marisa,3,w
Larin,3,w
Claire,3,w
Lamija,3,w
Matilde,3,w
Toni,3,w
Marwa,3,w
Georgia,3,w
Malea,3,w
Dorothea,3,w
Ajla,3,w
Fritzi,3,w
Noemie,3,w
Teodora,3,w
Aleksandra,3,w
Verena,3,w
Anika,3,w
Franka,3,w
Neda,3,w
Emmi,3,w
Josefina,3,w
Margaretha,3,w
Florence,3,w
Natalie,3,w
Dimitra,3,w
Morena,3,w
Zuzanna,3,w
Manuela,3,w
Belinay,3,w
Eda,3,w
Anna-Maria,3,w
Meyra,3,w
Sandra,3,w
Yasmina,3,w
Esra,3,w
Sarina,3,w
Anisa,3,w
Liana,3,w
Melis,3,w
Ayse,3,w
Adnan,2,m
Miran,2,m
Laurens,2,m
Euc,2,m
Devran,2,m
Joachim,2,m
Anastasios,2,m
Rocco,2,m
Milos,2,m
Collin,2,m
Pius,2,m
Amos,2,m
Alexis,2,m
Tiziano,2,m
Ylli,2,m
Emran,2,m
Yavuz,2,m
Andrija,2,m
Jayden,2,m
Semih,2,m
Danyal,2,m
Joakim,2,m
Mattheo,2,m
Mahdi,2,m
Yannick,2,m
Davin,2,m
Cristian,2,m
Yann,2,m
Jamal,2,m
Jann,2,m
Marcos,2,m
Ilai,2,m
Eddi,2,m
Sven,2,m
Julien,2,m
Adijan,2,m
Mikail,2,m
Aren,2,m
Yousef,2,m
Abdul,2,m
Nilo,2,m
Reda,2,m
Mick,2,m
Ognjen,2,m
Jerome,2,m
Mete,2,m
Henning,2,m
Burak,2,m
Ege,2,m
Raul,2,m
Merlin,2,m
Ervin,2,m
Alperen,2,m
Ilay,2,m
Sota,2,m
Heinrich,2,m
Josip,2,m
Naser,2,m
Erjon,2,m
Ewan,2,m
Praise,2,m
Miko,2,m
Aziz,2,m
Atlas,2,m
Taiga,2,m
Kaan,2,m
Nali,2,m
Milad,2,m
Serkan,2,m
Tymon,2,m
Loic,2,m
Emirhan,2,m
Phi,2,m
Mattia,2,m
Yanis,2,m
Danijel,2,m
Alan,2,m
Mihailo,2,m
Samim,2,m
Elyesa,2,m
Hendrik,2,m
Aurelian,2,m
Romeo,2,m
Dimitrios,2,m
Tunahan,2,m
Akdn,2,m
Junis,2,m
Kalle,2,m
Conrad,2,m
Isuf,2,m
Leif,2,m
Timotheus,2,m
Aurelius,2,m
Athanasios,2,m
Juan,2,m
Luan,2,m
Eron,2,m
Atticus,2,m
Haroun,2,m
Alexandre,2,m
Anh,2,m
Minh,2,m
Sanin,2,m
Jano,2,m
Janis,2,m
Rayen,2,m
Elyes,2,m
Atilla,2,m
Finlay,2,m
Riad,2,m
Toprak,2,m
Lenz,2,m
Arno,2,m
Kristian,2,m
Bennet,2,m
Yannik,2,m
Tizian,2,m
Jaron,2,m
Nabi,2,m
Mailo,2,m
Alp,2,m
Ediz,2,m
Musa,2,m
Aylan,2,m
Sulayman,2,m
Dejan,2,m
Art,2,m
Lukasz,2,m
Lorenzo,2,m
Eliah,2,m
Piet,2,m
Loris,2,m
Pierre,2,m
Ibrahima,2,m
Ruben,2,m
Nadir,2,m
Marinus,2,m
Daniele,2,m
Yannis,2,m
Ivano,2,m
Berkay,2,m
Federico,2,m
Ilia,2,m
Damien,2,m
Dean,2,m
Ensar,2,m
Roman,2,m
Nael,2,m
Tassilo,2,m
Edgar,2,m
Eliano,2,m
Tino,2,m
San,2,m
Aeneas,2,m
Tayo,2,m
Younis,2,m
Pietro,2,m
Danis,2,m
Tudor,2,m
Torin,2,m
Djordje,2,m
Mansur,2,m
Pedro,2,m
Maximilien,2,m
Alfred,2,m
Jari,2,m
Thore,2,m
Phil,2,m
Jaden,2,m
Rajan,2,m
Ozan,2,m
Turan,2,m
Dusan,2,m
Lenard,2,m
Emile,2,m
Muzaffer,2,m
Alen,2,m
Kajetan,2,m
Franciszek,2,m
Oliwier,2,m
Rakan,2,m
Karlo,2,m
Theodore,2,m
Zayn,2,m
Fahd,2,m
Adrijan,2,m
Ferenc,2,m
Cihan,2,m
Elvin,2,m
Demir,2,m
Teodor,2,m
Aurelio,2,m
Kuzey,2,m
Amer,2,m
Neil,2,m
Jonatan,2,m
Sofian,2,m
Hubert,2,m
Brendon,2,m
Lucian,2,m
Abdurrahman,2,m
Baptiste,2,m
Hektor,2,m
Yousuf,2,m
Ayoub,2,m
Enzo,2,m
Sean,2,m
Valerio,2,m
Ilkay,2,m
Asim,2,m
Marius,2,m
Krystian,2,m
Luigi,2,m
Artin,2,m
Anuar,2,m
Thilo,2,m
Sani,2,m
Joris,2,m
Nikola,2,m
Umut,2,m
Marta,2,w
Dünya,2,w
Constanze,2,w
Annabel,2,w
Ecrin,2,w
Mahsa,2,w
Eylül,2,w
Nia,2,w
Jovana,2,w
Marley,2,w
Lila,2,w
Samanta,2,w
Ema,2,w
Angela,2,w
Azzurra,2,w
Hasret,2,w
Annabell,2,w
Jasmina,2,w
Shirin,2,w
Jonida,2,w
Sahar,2,w
Rajana,2,w
Isabell,2,w
Leandra,2,w
Chloe,2,w
Selen,2,w
Albina,2,w
Bleona,2,w
Hilal,2,w
Zuri,2,w
Fleur,2,w
Vivienne,2,w
Larisa,2,w
Kübra,2,w
Raquel,2,w
Hüma,2,w
Jael,2,w
Elisavet,2,w
Sama,2,w
Arianna,2,w
Abigail,2,w
Agatha,2,w
Ceylin,2,w
Petra,2,w
Günes,2,w
Defne,2,w
Ekatherina,2,w
Emina,2,w
Felina,2,w
Saphira,2,w
Jane,2,w
Laurie,2,w
Mimi,2,w
Dragana,2,w
Alexia,2,w
Camilla,2,w
Janina,2,w
Nathalie,2,w
Minu,2,w
Alejna,2,w
Kaia,2,w
Irem,2,w
Katherina,2,w
Lilou,2,w
Layan,2,w
Salome,2,w
Elida,2,w
Peri,2,w
Sura,2,w
Timea,2,w
Talia,2,w
Susanne,2,w
Alana,2,w
Gloria,2,w
Alvina,2,w
Kyra,2,w
Lore,2,w
Sumeja,2,w
Ceren,2,w
Ina,2,w
Lene,2,w
Aliki,2,w
Marie-Sophie,2,w
Freyja,2,w
Rozalia,2,w
Nayla,2,w
Raffaela,2,w
Loresa,2,w
Marit,2,w
Uma,2,w
Assia,2,w
Khadija,2,w
Stina,2,w
Felizitas,2,w
Athanasia,2,w
Celeste,2,w
Madeleine,2,w
Patrizia,2,w
Carina,2,w
Alyssa,2,w
Gianna,2,w
Serena,2,w
Carmen,2,w
Therese,2,w
Irma,2,w
Anabelle,2,w
Amine,2,w
Inaya,2,w
Friederike,2,w
Anne,2,w
Emilija,2,w
Ilayda,2,w
Merjem,2,w
Augustina,2,w
Tiana,2,w
Adelina,2,w
Minna,2,w
Eslem,2,w
Nur,2,w
Nahla,2,w
Imani,2,w
Lenja,2,w
Elda,2,w
Lielle,2,w
Lillian,2,w
Marija,2,w
Yusra,2,w
Ruth,2,w
Violeta,2,w
Ayleen,2,w
Safiya,2,w
Aleksija,2,w
Jola,2,w
Amani,2,w
Milou,2,w
Nola,2,w
Sofie,2,w
Ulla,2,w
Stefanie,2,w
Sienna,2,w
Mireia,2,w
Pelin,2,w
Maila,2,w
Alicja,2,w
Yalda,2,w
Bianca,2,w
Iris,2,w
Beyza,2,w
Spogmai,2,w
Jolina,2,w
Klea,2,w
Asma,2,w
Ivana,2,w
Hailey,2,w
Katja,2,w
Natali,2,w
Rosemarie,2,w
Lydia,2,w
Lioba,2,w
Amilia,2,w
Charmaine,2,w
Mayar,2,w
Bella,2,w
Alessa,2,w
Rubina,2,w
Anabel,2,w
Karoline,2,w
Karina,2,w
Augusta,2,w
Mathea,2,w
Keira,2,w
Yolanda,2,w
Sofi,2,w
Sabrina,2,w
Francesca,2,w
Riola,2,w
Zoi,2,w
Sude,2,w
Hilda,2,w
Anna-Lena,2,w
Josepha,2,w
Liesbeth,2,w
Aleyna,2,w
Annalena,2,w
Leila,2,w
Rachana,2,w
Maia,2,w
Ajna,2,w
Eleonore,2,w
Kalina,2,w
Philomena,2,w
Elly,2,w
Emel,2,w
Grace,2,w
Grete,2,w
Büsra,2,w
Mahtab,2,w
Nejla,2,w
Elmas,2,w
Aurelie,2,w
Vlera,2,w
Erva,2,w
Edina,2,w
Acelya,2,w
Ipek,2,w
Havva,2,w
Nike,2,w
Damla,2,w
Sanvi,2,w
Yade,2,w
Rose,2,w
Liyana,2,w
Aida,2,w
Leona,2,w
Meriam,2,w
Cassiani,1,m
Pradyut,1,m
Subeyr,1,m
Sukhman,1,m
Adrijano,1,m
Max-Joseph,1,m
Arush,1,m
Giancarlo,1,m
Leroy,1,m
Qudratullah,1,m
Diakite,1,m
Demid,1,m
Abdoul-Rahman,1,m
Valerian,1,m
Aymen,1,m
Krzysztof,1,m
Tilo,1,m
Arjan,1,m
Arbi,1,m
Tue,1,m
Dino,1,m
Alexandar,1,m
Aggelos,1,m
Muyang,1,m
Kiano,1,m
Havan,1,m
Erick,1,m
Zhichen,1,m
Cem-Louis,1,m
Jarmo,1,m
Wasim,1,m
Hugi,1,m
Elmond,1,m
Curtis,1,m
Fridolin,1,m
Abdoul,1,m
Angelo,1,m
Yael,1,m
Lawand,1,m
Sadin,1,m
Carsten,1,m
Zsolt,1,m
Zoran,1,m
Tyron,1,m
Itay,1,m
Derman,1,m
Demian,1,m
Almir,1,m
Angel,1,m
Frantisek,1,m
Sammy,1,m
Lucca,1,m
Liev,1,m
Ledrion,1,m
Rassim,1,m
Pirlo,1,m
Zardasht,1,m
Mutassim,1,m
Lauro,1,m
Jakov,1,m
Ennio,1,m
Domenico,1,m
Deron,1,m
Adel,1,m
Ajan,1,m
Firat,1,m
Felician,1,m
Fedor,1,m
Musab,1,m
Yoan,1,m
Ernest,1,m
Arjas,1,m
Arionit,1,m
Suheb,1,m
Venkatnath,1,m
Ionut-Andrei,1,m
Tian,1,m
Alfousseynou,1,m
Hayu,1,m
Eissa,1,m
Wolfgang,1,m
Ragnar,1,m
Nicolaus,1,m
Tycho,1,m
Nami,1,m
Arslan,1,m
Leland,1,m
Rüstem,1,m
Ella,1,m
Altrin,1,m
Khaled,1,m
Leontin,1,m
Matthäus,1,m
Keivin,1,m
Fuyuto,1,m
Luukas,1,m
Rudi,1,m
Aleks,1,m
Franziskus,1,m
Diart,1,m
Wisdom,1,m
Kasimir,1,m
Giorgio,1,m
Genc,1,m
Flinn,1,m
Nabil,1,m
Lezhi,1,m
Riley,1,m
Leano,1,m
Stivan,1,m
Akiya,1,m
Imani,1,m
Cengiz,1,m
Bartolomeo,1,m
Baha,1,m
Levinfu,1,m
Rinit,1,m
Pantelis-Chidubem,1,m
Oliveris,1,m
Bizaneddin,1,m
Philippe,1,m
Quintus,1,m
Oleg,1,m
Brahim,1,m
Gustav-Emil,1,m
Hai,1,m
Frowin,1,m
Elliott,1,m
Mallki,1,m
Srod,1,m
Rojin,1,m
Rajveer,1,m
Escandar,1,m
Vasilije,1,m
Tamino,1,m
Danar,1,m
Ion,1,m
Isabella,1,m
Yuan,1,m
Apollo,1,m
Ammar,1,m
Samet,1,m
Lois,1,m
Carter,1,m
Shingal,1,m
Kaua,1,m
Adian,1,m
Marvellous,1,m
Ionas,1,m
Erion,1,m
Srosch,1,m
Laurentiu,1,m
Landi,1,m
Stoyan,1,m
Wahid,1,m
Inay,1,m
Dejlon,1,m
Darko,1,m
Zsombor,1,m
Svetozar,1,m
Adriatik,1,m
Alawi,1,m
Renas,1,m
Dzevit,1,m
Oghogho,1,m
Aksel,1,m
Tyler,1,m
Melik,1,m
Arved,1,m
Anouar,1,m
Moussa,1,m
Mathieu,1,m
Sandro,1,m
Elion,1,m
Yunwen,1,m
Calev,1,m
Jannes,1,m
Marios,1,m
Timothy,1,m
Timothee,1,m
Dluar,1,m
Shuxuan,1,m
Ianis,1,m
Labeat,1,m
Liuul,1,m
Vivaan,1,m
Xaver-Constantin,1,m
Piyem,1,m
Zübeyr,1,m
Aslanali,1,m
Nizar,1,m
Seraphin,1,m
Stanley,1,m
Aen,1,m
Siar,1,m
Azan,1,m
Jules,1,m
Eldion,1,m
Hamed,1,m
Jison,1,m
Artam,1,m
Patrik,1,m
Harun,1,m
Michalis,1,m
Edoardo,1,m
Yahia,1,m
Ramon,1,m
Medin,1,m
Aland,1,m
Finnegan,1,m
Masud,1,m
Roj,1,m
Zhenghang,1,m
Damean,1,m
Assur,1,m
Sasa,1,m
Yemane,1,m
Yasser,1,m
Yaron,1,m
Cem,1,m
Mauro,1,m
Alberto,1,m
Kiaan,1,m
Neel,1,m
Slavko,1,m
Enrico,1,m
Edon,1,m
Rejjan,1,m
Georgii,1,m
Fidel,1,m
Anis,1,m
Ludovico,1,m
Lorand,1,m
Jibreel,1,m
Mohammad-Yussuf,1,m
Aslaidon,1,m
Thawin,1,m
Phineas,1,m
Timeo,1,m
Barzi,1,m
Vasim,1,m
Sarhd,1,m
Jem,1,m
Louan,1,m
Nole,1,m
Belvis,1,m
Akif,1,m
Mahmud,1,m
Keano,1,m
Ted,1,m
Amon,1,m
Moris,1,m
Gustavo,1,m
Tahiel,1,m
Rahndi,1,m
Damias,1,m
Roko,1,m
Abdoullah,1,m
Emzarios,1,m
Delwar,1,m
Ioakim,1,m
Silvan,1,m
Zoltan,1,m
Janik,1,m
Karol,1,m
Serafin,1,m
Tomasz,1,m
Tayga,1,m
Maksimilians,1,m
Bogdan,1,m
Ringnyu,1,m
Ron,1,m
Ronel,1,m
Zakariya,1,m
Hidayatullah,1,m
Leotrim,1,m
Giacomo,1,m
Floris,1,m
Finley,1,m
Matias,1,m
Silvestar,1,m
Kobus,1,m
Jawad-Prince,1,m
Maximilianfranz,1,m
Husain,1,m
Lorent,1,m
Souphian,1,m
Zysan,1,m
Baitullah,1,m
Peer,1,m
Elias-Kemal,1,m
Eduar,1,m
Deivid,1,m
Abdulrafay,1,m
Babur,1,m
Sasvan,1,m
Gurnoor,1,m
Plunkett,1,m
Salim,1,m
Precious,1,m
Edmond,1,m
Dogan,1,m
Jia,1,m
Vico,1,m
Bernhard,1,m
Domenik,1,m
Ferninand,1,m
Feri,1,m
Moshen,1,m
Kimon,1,m
Ayaz,1,m
Gustaf,1,m
Rion,1,m
Thibault,1,m
Ekmper,1,m
Damijan,1,m
Basil,1,m
Benyamin,1,m
Jurian,1,m
Danin,1,m
Riyan,1,m
Kyan,1,m
Jan-Rafael,1,m
Renaud,1,m
Rohaan,1,m
Marcus,1,m
Yago,1,m
Szilard,1,m
Joona,1,m
Hussam,1,m
Kianusch,1,m
Maksymilian,1,m
Keoni,1,m
Kennedy,1,m
Kennosuke,1,m
Kobani,1,m
Jidel,1,m
Elmin,1,m
Malique,1,m
Souleyman,1,m
Lesan,1,m
Layn,1,m
Misi,1,m
Aurelios,1,m
Marina,1,m
Efekan,1,m
Cagatay,1,m
Gongzi,1,m
Tjark,1,m
Vladislav,1,m
Enor,1,m
Emilo,1,m
Hanyi,1,m
Hiwidar,1,m
Geno,1,m
Denial,1,m
Husayn,1,m
Harrison,1,m
Rinart,1,m
Philippos,1,m
Ilaj,1,m
Onyekachukwu,1,m
Ivo,1,m
Lennie,1,m
Kasim,1,m
Marin,1,m
Semi,1,m
Serhat,1,m
Tillmann,1,m
Theresa,1,m
Elnas,1,m
Dominion,1,m
Takumi,1,m
Ilian,1,m
Leonas,1,m
Ralf,1,m
Timur,1,m
Alisey,1,m
Isai,1,m
Lenas,1,m
Maximos,1,m
Teym,1,m
Zhen,1,m
Taim,1,m
Usman,1,m
Ayhan,1,m
Rem,1,m
Okan,1,m
Abdirahman,1,m
Aloys,1,m
Abdul-Samad,1,m
Yi,1,m
Deljan,1,m
Josian,1,m
Aslan,1,m
Can-Luca,1,m
Dionis,1,m
Altan,1,m
Laith,1,m
Aarush,1,m
Huy,1,m
Gottlieb,1,m
Temurbek,1,m
Robert-Sebastian,1,m
Cyan,1,m
Lenart,1,m
Cassius,1,m
Cajus,1,m
Feshal,1,m
Zhiyi,1,m
Bruke,1,m
Martim,1,m
Savvas,1,m
Yasine,1,m
Nassereddine,1,m
Rishaan,1,m
Lordian,1,m
Zudeysi,1,m
Canluca,1,m
Mohammad-Ridwan,1,m
Eyüp,1,m
Wurokaza,1,m
Yiyun,1,m
Nicolo,1,m
Kaiwan,1,m
Mohmed,1,m
Aariv,1,m
Daro,1,m
Armal,1,m
Arand,1,m
Lenos,1,m
Vismay,1,m
Chuhang,1,m
Cesco,1,m
Birwar,1,m
Mohsin,1,m
Theocharis,1,m
Akshay,1,m
Thabo,1,m
Yonas,1,m
Olivier,1,m
Roni,1,m
Romaios,1,m
Francisco,1,m
Mauno,1,m
Logan,1,m
Tommy,1,m
Vlorian,1,m
Constantine,1,m
Bayram,1,m
Julen,1,m
Jinta,1,m
Ralph,1,m
Scharaf,1,m
Erdem,1,m
Xaver-Luitpold,1,m
Noraiz,1,m
Tomme,1,m
Asrith,1,m
Nilan,1,m
Klemens,1,m
Shen,1,m
Utku,1,m
Ubejd,1,m
Novak,1,m
Raoul,1,m
Cinar,1,m
Shiro,1,m
Ugur,1,m
Sindbad,1,m
Nam,1,m
Mehmet,1,m
Arjun,1,m
Ryuichiro,1,m
Emilia,1,m
Prince,1,m
Matin,1,m
Said,1,m
Simeon,1,m
Bradley,1,m
Eliseo,1,m
Amiir,1,m
Rugasch,1,m
Wonjun,1,m
Bravin,1,m
Ashrith,1,m
Torres,1,m
Abu-Bakar,1,m
Siawash,1,m
Makbel,1,m
Machdi,1,m
Ranveet,1,m
Oniks,1,m
Yastin,1,m
Lauren,1,m
Sky,1,m
Arion,1,m
Andin,1,m
Lamar,1,m
Roi,1,m
Kawar,1,m
Sajjad,1,m
Johanna,1,m
Botond,1,m
Isaja,1,m
Al-Farouq,1,m
Roderic,1,m
Celal,1,m
Benedek,1,m
Bedirhan,1,m
Suheyb,1,m
Rajas,1,m
Nerayo,1,m
Neven,1,m
Nino,1,m
Fenris,1,m
Pavlos,1,m
Deni,1,m
Ippokratis,1,m
Lirian,1,m
Montassar,1,m
Sanjay,1,m
Kieran,1,m
Carolus,1,m
Farhad,1,m
Jan-Henrik,1,m
Stefen,1,m
Panas,1,m
Hoang,1,m
Finian,1,m
Shafey,1,m
Joseph-Moon,1,m
Fabien,1,m
Janko,1,m
Jan-Luca,1,m
Ahmad-Nabi,1,m
Devid,1,m
Marvelous,1,m
Ubayda,1,m
Mikkel,1,m
Jack,1,m
Omkar,1,m
Viet,1,m
Zheng,1,m
Arman,1,m
Rene,1,m
Dion,1,m
Nik,1,m
Vigo,1,m
Balazs,1,m
Patryk,1,m
Dawid,1,m
Olti,1,m
Buhari,1,m
Ethem,1,m
Talal,1,m
Bertan,1,m
Benn,1,m
Lisander,1,m
Repin,1,m
Ayuba,1,m
Nidal,1,m
Thanh,1,m
Aleksandre,1,m
Zeno,1,m
Teyfik,1,m
Yousif,1,m
Eder,1,m
Phileas,1,m
Pelle,1,m
Leith,1,m
Sem,1,m
Tin,1,m
Baturalp,1,m
Mikito,1,m
Shahzod,1,m
Lewon,1,m
German,1,m
Eridon,1,m
Estefan,1,m
Levent,1,m
Jamel,1,m
Harugo,1,m
Tarik,1,m
Ilijan,1,m
Zejdi,1,m
Keifi,1,m
Dzikran,1,m
Sydney,1,m
Ansar,1,m
Maximus,1,m
Mathilda,1,m
Finjas,1,m
Nayeb,1,m
Bukhaari,1,m
Jasin,1,m
Druva,1,m
Valmir,1,m
Immanuel,1,m
Jelal,1,m
Nizam,1,m
Dragan,1,m
Shivam,1,m
Jenö,1,m
Antonios,1,m
Günes,1,m
Linous,1,m
Ridhaan,1,m
Bajad,1,m
Preslav,1,m
Vuk,1,m
Fagr,1,m
Eduardo-Michael,1,m
Salah-Ddin,1,m
Erel,1,m
Lutz,1,m
Franco,1,m
Onur,1,m
Edison,1,m
Adis,1,m
Elay,1,m
Gawyn,1,m
Sanid,1,m
Guillem,1,m
Emmanouil,1,m
Toma,1,m
Aariz,1,m
Lumi,1,m
Dalyan,1,m
Hasan-Ali,1,m
Berkin,1,m
Camille,1,m
Bugra,1,m
Kaosi,1,m
Yakub,1,m
Taylor,1,m
Muhamed,1,m
Nebras,1,m
Hagar,1,m
Lisandro,1,m
Lirjan,1,m
Kenji,1,m
Lemmy,1,m
Munir,1,m
Gordian,1,m
Haider,1,m
Tammo-Lio,1,m
Talay,1,m
Mabouous,1,m
Tivo,1,m
Vivan,1,m
Akinkunmi,1,m
Charles,1,m
Corbinian,1,m
Mehdi,1,m
Mario,1,m
Sinan,1,m
Amor,1,m
Mihajlo,1,m
Nathanael,1,m
Doru,1,m
Ismet,1,m
Mason,1,m
Jordi,1,m
Calum,1,m
Mehmet-Yigit,1,m
Timotei-Damian,1,m
Rijad,1,m
Lazaros,1,m
Jackson,1,m
Shaurya,1,m
Panagiotis,1,m
Zi,1,m
Asen,1,m
Leevi,1,m
Dimitris,1,m
Orges,1,m
Lucius,1,m
Husen,1,m
Giacobbe,1,m
Matou,1,m
Brooklyn,1,m
Rubio,1,m
Farzad,1,m
Tafseer,1,m
Leander-Maxim,1,m
Sakabi,1,m
Zarghoon,1,m
Velson,1,m
Sevin,1,m
Lyk,1,m
Mila,1,m
Rick,1,m
Daryan,1,m
Hamzat,1,m
Cheikh,1,m
Augustinus,1,m
Josif,1,m
Jean-Louis,1,m
Fred,1,m
Mujdin,1,m
Lounis,1,m
Alwan,1,m
Kashan,1,m
Louis-Frederik,1,m
Labian,1,m
Mueez,1,m
Nimes,1,m
Cheder,1,m
Milosz,1,m
Tammo,1,m
Beraat,1,m
Ayan,1,m
Donart,1,m
Frank,1,m
Ville,1,m
Urs,1,m
Raian,1,m
Jet,1,m
Ruhat,1,m
Hanjo,1,m
Dehar,1,m
Achim,1,m
Abubakar,1,m
Ferris,1,m
Yacin,1,m
Julaaz,1,m
Glen,1,m
Fredrik,1,m
Farhan,1,m
Minh-Khang,1,m
Vasileios,1,m
Darwin,1,m
Cian,1,m
Bjarne,1,m
Bahir,1,m
Joss,1,m
Takeru,1,m
Sohrab,1,m
Narcis,1,m
Ebubekir,1,m
Almin,1,m
Leonel,1,m
Carl-Felix,1,m
Amani,1,m
Gol,1,m
Zhenxing,1,m
Zhengtang,1,m
Modan,1,m
Marten,1,m
Marwan,1,m
Kalvis,1,m
Sergio,1,m
Himansshu,1,m
Abrham,1,m
Koray,1,m
Abdulahi,1,m
Yakup,1,m
Yunis,1,m
Antoniy,1,m
Efecan,1,m
Mahtab,1,m
Gia,1,m
Fitz,1,m
Luic,1,m
Saib,1,m
Oguzhan,1,m
Saif,1,m
Joschka,1,m
Halit,1,m
Anthioura,1,m
Vincenzo,1,m
Youssuf,1,m
Antoine,1,m
Anakin,1,m
Rosario,1,m
Pantelis,1,m
Hiroto,1,m
Alvaro,1,m
Frida,1,m
Sherdel,1,m
Nachiket,1,m
Lazarus,1,m
Iyad,1,m
Lennox,1,m
Srdjan,1,m
Sava,1,m
Dydar,1,m
Tanoa,1,m
Claas,1,m
Kristijan,1,m
Tonny,1,m
Syl,1,m
Yusa,1,m
Emrah,1,m
Dorian,1,m
Derrick,1,m
Mahmoud,1,m
Mahmod,1,m
Isa,1,m
Dijon,1,m
Jorne,1,m
Leor,1,m
Bleon,1,m
Lenni,1,m
Frido,1,m
Navbir,1,m
Ben-Levin,1,m
Maro,1,m
Sascha,1,m
Abundance,1,m
Danilo,1,m
Giorgi,1,m
Keaan,1,m
Saragam,1,m
Marti,1,m
Arel,1,m
Hashir,1,m
Valens,1,m
Abdussamad,1,m
Mahamadou,1,m
Ilyes,1,m
Kimi,1,m
Elija,1,m
Eldin,1,m
Amiin,1,m
Mussa,1,m
Tyrone,1,m
Yunes,1,m
Vedat,1,m
Otis,1,m
Najib,1,m
Abulfazl,1,m
Bardh,1,m
Marlo,1,m
Timotheos,1,m
Sebo,1,m
Edoris,1,m
Sidar,1,m
Berdan,1,m
Jupp,1,m
Uarwin,1,m
Heiko,1,m
Zekeriya,1,m
Yuri,1,m
Tsubasa,1,m
Saad,1,m
Pau,1,m
Aki,1,m
Aiman,1,m
Liron,1,m
Jassin,1,m
Balint,1,m
Arik,1,m
Efstathios,1,m
Dimitar,1,m
Akmal,1,m
Nojan,1,m
Melino,1,m
Luc,1,m
Loren,1,m
Peet,1,m
Matwej,1,m
Kei,1,m
Geremia,1,m
Felipe,1,m
Luben,1,m
Konnor,1,m
Ivan-Kristian,1,m
Jared,1,m
Torben,1,m
Cedrik,1,m
Antonijo,1,m
Fariss,1,m
Lean,1,m
Abraham,1,m
Jonny,1,m
Kamalaldien,1,m
Jakomo,1,m
Barron,1,m
Wissam,1,m
Truong,1,m
Hartaj,1,m
Kron,1,m
Saatvik,1,m
Cy,1,m
Iulius,1,m
Faruk,1,m
Miran-Giulio,1,m
Yusufcan,1,m
Yosef,1,m
Osvaldo,1,m
Arvin,1,m
Joe,1,m
Hussin,1,m
Lais,1,m
Labib,1,m
Feliks,1,m
Halil,1,m
Yoel,1,m
Shreepad,1,m
Jendel,1,m
Jasper-Arne,1,m
Francesco-Jermaine,1,m
Tejinder,1,m
Thorge,1,m
Abdihafid,1,m
Bata,1,m
Bent,1,m
Kyrillos,1,m
Elif,1,m
Lewend,1,m
Noah-Tianyou,1,m
Lautaro,1,m
Suhejb,1,m
Wael,1,m
Chariton,1,m
Maarten,1,m
Josias,1,m
Maik,1,m
Yakob,1,m
Anatol,1,m
Eamon,1,m
Duje,1,m
Denislav,1,m
Amaury,1,m
Alpay,1,m
Fionn,1,m
Mateusz,1,m
Fabius,1,m
Siraj,1,m
Arsenij,1,m
Aman,1,m
Alexi,1,m
Giuseppe,1,m
Gioacchino,1,m
Kamasi,1,m
Jamayne,1,m
Antoan,1,m
Vitor,1,m
Ehan,1,m
Abyan,1,m
Luzian,1,m
David-Ioan,1,m
Godwin,1,m
Erand,1,m
Lawin-David,1,m
Danino,1,m
Salvatore,1,m
Nassim,1,m
Michel,1,m
Oltion,1,m
Cafer,1,m
Jandad,1,m
Jose,1,m
Vidal,1,m
Maddox,1,m
Deon,1,m
Quang,1,m
Mateu,1,m
Riwan,1,m
Giulio,1,m
Saul-Maximiliano,1,m
Kaivin,1,m
Nathaneal,1,m
Phuong,1,m
Reto,1,m
Rayyan,1,m
Zdravko,1,m
Amr,1,m
Nuri,1,m
Alvah,1,m
Abdulkerim,1,m
Adham,1,m
Ignacy,1,m
Linos,1,m
Georgi,1,m
Charrell,1,m
Nabiil,1,m
Rodi,1,m
Petros,1,m
Rian,1,m
Pera,1,m
Marat,1,m
Temo,1,m
Stefano,1,m
Theodoros,1,m
Arun,1,m
Andre,1,m
Enver,1,m
Diyar,1,m
Albrecht,1,m
Feodor,1,m
Kalvan,1,m
Goya,1,m
Mando,1,m
Jonne,1,m
Joan,1,m
Arjiyan,1,m
Norick,1,m
Trifonas,1,m
Cheikh-Tidjan,1,m
Jake,1,m
Heidel,1,m
Darron,1,m
Yusei,1,m
Arseniy,1,m
Armaan,1,m
Naim,1,m
Kurt,1,m
Sharif,1,m
Lares,1,m
Nehad,1,m
Efthymios,1,m
Iraklis,1,m
Arasch,1,m
Sidad,1,m
Salman,1,m
Ito,1,m
Gniewomir,1,m
Kuno,1,m
Hamid,1,m
Laui,1,m
Jaroslaw,1,m
Honyar,1,m
Corin,1,m
Imaan,1,m
Batuhan,1,m
Ates,1,m
Moiz,1,m
Santos,1,m
Arianit,1,m
Murat,1,m
Hekuran,1,m
Shashvat,1,m
Gottiar,1,m
Elyasa,1,m
Elham,1,m
Arijen,1,m
Mannveer,1,m
Leontas,1,m
Phuc-Khang,1,m
Cason,1,m
Bigue,1,m
Hudhayfah,1,m
Emilian-Noel,1,m
Dillion,1,m
Vahid,1,m
Cengizhan,1,m
Ilker,1,m
Raslen,1,m
Piotr,1,m
Lev,1,m
Slavisa,1,m
Nasif,1,m
Naoki,1,m
Noem,1,m
Dzenan,1,m
Derek,1,m
Davi,1,m
Sumeja,1,m
Noell,1,m
Widel,1,m
Towa,1,m
Moemen,1,m
Mohamad,1,m
Rico,1,m
Mikolaj,1,m
Marceli,1,m
Luitpold,1,m
Zakir,1,m
Omer,1,m
Aljoscha,1,m
Abu,1,m
Gabrijel,1,m
Matan,1,m
Veysel,1,m
Nor,1,m
Moses,1,m
Michal,1,m
Adil,1,m
Adan,1,m
Gioele,1,m
Gideon,1,m
Ethan,1,m
Unik,1,m
Mohhamed,1,m
Nickolas,1,m
Maris,1,m
Suleyman,1,m
Servan,1,m
Danial,1,m
Connor,1,m
Bobby,1,m
Kubilay,1,m
Ilijas,1,m
Jaydan,1,m
Nicoolas,1,m
Avyukt,1,m
Talat,1,m
Clinton,1,m
Caelen,1,m
Thai,1,m
Solaiman,1,m
Zefir,1,m
Numan,1,m
Recep,1,m
Engjell,1,m
Djiby,1,m
Denny,1,m
Aleksei,1,m
Ajoy,1,m
Rüzgar,1,m
Jesper,1,m
Brayan,1,m
Nikko,1,m
Quinten,1,m
Akhil,1,m
Leyikun,1,m
Daimian,1,m
Mucaad,1,m
Roshat,1,m
Rooney,1,m
Farodin,1,m
Duuren,1,m
Mayar,1,m
Branimir,1,m
Zachary,1,m
Teemu,1,m
Omed,1,m
Ardan,1,m
Norik,1,m
Deler,1,m
Abdul-Rahman,1,m
Yamin,1,m
Leonhart,1,m
George,1,m
Sternas,1,m
Daniil,1,m
Bajram,1,m
Om,1,m
Anil,1,m
Michele,1,m
Altin,1,m
Albion,1,m
Malek,1,m
Dillon,1,m
Shinta,1,m
Klaas,1,m
Kheder,1,m
Hazan,1,m
Shivansh,1,m
Sauaj,1,m
Furkan,1,m
Aron-Apollon,1,m
Nolann,1,m
Kaloyan,1,m
Lenn,1,m
Tadej,1,m
Natan,1,m
Nasri,1,m
Nando,1,m
Remzi,1,m
Adib,1,m
Gent,1,m
Foday,1,m
Maurits,1,m
Saiid,1,m
Sanad,1,m
Fileas,1,m
Elvis,1,m
Sinha,1,m
Nikoloz,1,m
Mirko,1,m
Laurent,1,m
Lauan,1,m
Elia-Gabriel,1,m
Darin,1,m
Lawy,1,m
Bene,1,m
Bodo,1,m
Zalan,1,m
Vedran,1,m
Pranav,1,m
Dave,1,m
Eman,1,m
Javier,1,m
Filippo,1,m
Pars,1,m
Sudaysi,1,m
Hadi,1,m
Esad,1,m
Eldar,1,m
Arudh,1,m
Attal,1,m
Nimrod,1,m
Lauritz,1,m
Arti,1,m
Kodi,1,m
Juri,1,m
Mael,1,m
Lauin,1,m
Alfons,1,m
Veselin,1,m
Nero,1,m
Alexandr,1,m
Andrian,1,m
Aidan,1,m
Keanu,1,m
Caleb,1,m
Lian-Gabriel,1,m
Leoniadis,1,m
Oxley,1,m
Milijan,1,m
Hiromu,1,m
Stelios,1,m
Vittorio,1,m
Enes-Malik,1,m
Achsuthan,1,m
Tiar,1,m
Yeronimo,1,m
Rohan,1,m
Wali,1,m
Keder,1,m
Dhakire,1,m
Cosmo,1,m
Claudio,1,m
Viggo,1,m
Shayan,1,m
Rahman,1,m
Anna,1,m
Delshad,1,m
Abtin,1,m
Medhansh,1,m
Jeronimo,1,m
Nikias,1,m
Niels,1,m
Marlin,1,m
Abhiram,1,m
Emad,1,m
Miron,1,m
Nic,1,m
Tuna,1,m
Harif,1,m
Berkant,1,m
Luiz,1,m
Kenai,1,m
Momen,1,m
Mazin,1,m
Safwan,1,m
Kiyan,1,m
Nawid,1,m
Prakrit,1,m
Obaida,1,m
Mike-Anthony,1,m
Jonan,1,m
Erol,1,m
Angelo-Leo,1,m
Luca-Leandro,1,m
Nyas,1,m
Rami,1,m
Arwin,1,m
Kjell,1,m
Nouh,1,m
Kyrill,1,m
Brian,1,m
Gurami,1,m
Efehan,1,m
Albi,1,m
Karthikeya,1,m
Jayson-Mael,1,m
Mats-Leon,1,m
Levin-Lian,1,m
Oits,1,m
Yessine,1,m
Jaser,1,m
Martino,1,m
Alby,1,m
Paiwand,1,m
Walter,1,m
Travis,1,m
Stevan,1,m
Süleyman,1,m
Sirac,1,m
Ibrohim,1,m
Malak,1,m
Gianluigi,1,m
Gamal,1,m
Cassander,1,m
Boran,1,m
Jahwin,1,m
Ledri,1,m
Arjen,1,m
Melahr,1,m
Serafim,1,m
Savo,1,m
Divit,1,m
Danil,1,m
Clement,1,m
Benaja,1,m
Laurence,1,m
Kinga,1,w
Hasti,1,w
Fendi,1,w
Regina,1,w
Edda,1,w
Nermin,1,w
Noor,1,w
Sissi,1,w
Uljana,1,w
Marileen,1,w
Era,1,w
Louisan,1,w
Lenie,1,w
Rhalia,1,w
Raverria,1,w
Oshani,1,w
Ngoc,1,w
Kani,1,w
Sumaya,1,w
Serafina,1,w
Minita,1,w
Angeliki,1,w
Adni,1,w
Qihan,1,w
Giselle,1,w
Fouzia,1,w
Matea,1,w
Kashika,1,w
Ekaterini,1,w
Sudays,1,w
Tzu-Yun,1,w
Neva,1,w
Latifa,1,w
Sevde,1,w
Truong,1,w
Emilia-Mia,1,w
Tamanna,1,w
Diandra,1,w
Beray,1,w
Kristiana,1,w
Lysann,1,w
Incilay,1,w
Nadine,1,w
Janine,1,w
Margot,1,w
Klaudia,1,w
Victoria-Maria,1,w
Melinda,1,w
Dilnaz,1,w
Alaa,1,w
Firdaus,1,w
Ida-Marie,1,w
Silvana,1,w
Seynab,1,w
Majla,1,w
Estella,1,w
Laila-Felicitas,1,w
Paroas,1,w
Munyemba,1,w
Alesya,1,w
Giorgia,1,w
Evlina,1,w
Aceliya,1,w
Sadra,1,w
Wiebke,1,w
Agnes,1,w
Söhret,1,w
Arza,1,w
Denya,1,w
Irina,1,w
Feline,1,w
Maali,1,w
Helin,1,w
Caterina,1,w
Siria,1,w
Eugenia,1,w
Ramella,1,w
Minou,1,w
Margarethe,1,w
Marjan,1,w
Coralie,1,w
Clarissa,1,w
Sakruthi,1,w
Sarah-Sophie,1,w
Hanja,1,w
Derin,1,w
Malina,1,w
Joselyn,1,w
Emmanuella,1,w
Elodie,1,w
Malijan,1,w
Willow-Sophie,1,w
Riccarda,1,w
Ly,1,w
Boroka,1,w
Charlynne,1,w
Christine,1,w
Elisabet,1,w
Zina,1,w
Nadja,1,w
Anjali,1,w
Polina,1,w
Amely,1,w
Laily,1,w
Phoenix,1,w
Nyima,1,w
Loni,1,w
Jade-Sophia,1,w
Hanneli,1,w
Tonia,1,w
Evdokya,1,w
Celin,1,w
Kousar,1,w
Mia-Sophie,1,w
Lillemore,1,w
Beatrix,1,w
Yurika,1,w
Nerges,1,w
Reda,1,w
Dami,1,w
Gamze,1,w
Ninive,1,w
Shanaia,1,w
Verona,1,w
Ran,1,w
Ariane,1,w
Ann,1,w
Dzejla,1,w
Alvin,1,w
Alesja,1,w
Racquel,1,w
Surraya,1,w
Marie-Jolie,1,w
Nida,1,w
Suhani,1,w
Danijela,1,w
Leyli,1,w
Justine,1,w
Erna,1,w
Öykü,1,w
Tereza,1,w
Arwa,1,w
Anida,1,w
Gabriella,1,w
Hawin,1,w
Mavie,1,w
Lu,1,w
Evi,1,w
Elfi,1,w
Anna-Lorena,1,w
Yoona,1,w
Mitra,1,w
Martin,1,w
Hayrunnisa,1,w
Jenaya,1,w
Engji,1,w
Adalyn,1,w
Tamika,1,w
Benedetta,1,w
Miya,1,w
Marlou,1,w
Rayla,1,w
Marika,1,w
Ülkü,1,w
Yuina,1,w
Huyen-Thu,1,w
Hridaya,1,w
Helena-Danica,1,w
Awesta,1,w
Zeren,1,w
Dorela,1,w
Kevia,1,w
Sandrella,1,w
Mihrimah,1,w
Enoma,1,w
Zümra,1,w
Soline,1,w
Jessie,1,w
Zeyneb,1,w
Oya,1,w
Nova,1,w
Saher,1,w
Hiranur,1,w
Eliz,1,w
Umaimah,1,w
Misk,1,w
Kanita,1,w
Pippa,1,w
Marie-Luise,1,w
Javiera,1,w
Tracy,1,w
Inela,1,w
Josefin,1,w
Messi,1,w
Sarvinoz,1,w
Gherda,1,w
Nikola,1,w
Almas,1,w
Adrienne,1,w
Lilliana,1,w
Nardin,1,w
Annemieke,1,w
Charlie,1,w
Chariyar,1,w
Kara,1,w
Ernestine,1,w
Zhdana,1,w
Mirja,1,w
Maram,1,w
Jeske,1,w
Felisha,1,w
Mascha,1,w
Martyna,1,w
Ezda,1,w
Eliorah,1,w
Deora,1,w
Junia,1,w
Linfei,1,w
Hilde,1,w
Claudia,1,w
Narges,1,w
Olympia,1,w
Asmara,1,w
Asiya,1,w
Amara,1,w
Aru,1,w
Moyinoluwa,1,w
Monisa,1,w
Mariel,1,w
Alesa,1,w
Hildan,1,w
Defne-Alara,1,w
Jiya,1,w
Aysegül,1,w
Deborah,1,w
Snejana,1,w
Urania,1,w
Najat,1,w
Amrei,1,w
Micaela,1,w
Tanushri,1,w
Arsa,1,w
Lisbeth,1,w
Priya,1,w
Jocelyne,1,w
Khalida,1,w
Dilajla,1,w
Yella,1,w
Tanem,1,w
Bengü,1,w
Iman,1,w
Seyyidina,1,w
Parisa,1,w
Dudu,1,w
Dejana,1,w
Laina,1,w
Kyara,1,w
Lilla,1,w
Meira,1,w
Lanya,1,w
Elisabeta,1,w
Suraja,1,w
Tila,1,w
Jannat,1,w
Aleksiya,1,w
Hashmiya,1,w
Medine,1,w
Sudenur,1,w
Maximilia,1,w
Huberta,1,w
Maimuna,1,w
Eliska,1,w
Ekin,1,w
Ariyame,1,w
Marieluis,1,w
Elif-Mina,1,w
Leonie-Emilia,1,w
Rukan,1,w
Radislava,1,w
Perizade,1,w
Daria-Gabriela,1,w
Neve,1,w
Sonea,1,w
Mary-Lou,1,w
Tijda,1,w
Faadumo,1,w
Aksaya,1,w
Bianca-Sorina,1,w
Philina,1,w
Marei,1,w
Manar,1,w
Izel,1,w
Ruo,1,w
Maroua,1,w
Waleria,1,w
Yassmin,1,w
Shenika,1,w
Silvia,1,w
Ennia,1,w
Malaika,1,w
Naima,1,w
Aria,1,w
Shalom,1,w
Manasses,1,w
Lina-Dieu,1,w
Kulthum,1,w
Ras,1,w
Darya,1,w
Berfin,1,w
Justina,1,w
Macarena,1,w
Kerol,1,w
Selenay-Aybige,1,w
Juliana,1,w
Mihana,1,w
Natsuki,1,w
Dea,1,w
Amelie-Marie,1,w
Hristina,1,w
Felica,1,w
Royem,1,w
Elysa,1,w
Anna-Valentina,1,w
Melin,1,w
Nandana,1,w
Amna,1,w
Loona,1,w
Rajrajeshwari,1,w
Levy,1,w
Jilan,1,w
Sonia,1,w
Katerina,1,w
Felie,1,w
Alena-Sija,1,w
Dihya,1,w
Valeriia,1,w
Esther,1,w
Neha,1,w
Maida,1,w
Ginevra,1,w
Federica,1,w
Safira,1,w
Louna,1,w
Khanh,1,w
Sameena,1,w
Rouweda,1,w
Güler,1,w
Elham,1,w
Josephin,1,w
Sokhna,1,w
Antonija,1,w
Shania,1,w
Nadin,1,w
Ann-Sophie,1,w
Huong,1,w
Nehal,1,w
Dominika,1,w
Delvin,1,w
Adeline,1,w
Laetizia,1,w
Katarzyna,1,w
Erifyli,1,w
Bozana,1,w
Selnur,1,w
Elouisa,1,w
Lea-Sophie,1,w
Vedanshi,1,w
Yangyi,1,w
Aziza,1,w
Eveline,1,w
Anica,1,w
Sofiya,1,w
Sherin,1,w
Anna-Lia,1,w
Raz,1,w
Mayumi,1,w
Ohne,1,w
Precious,1,w
Arin,1,w
Fatou,1,w
Eloisa,1,w
Minahil,1,w
Mazzy,1,w
Suzjet,1,w
Maelynn,1,w
Sumeyra,1,w
Phildorss,1,w
Chayenna,1,w
Loena,1,w
Mehreen,1,w
Lolina,1,w
Chakira,1,w
Mälessa,1,w
Asula,1,w
Piia,1,w
Hermann,1,w
Heliwan,1,w
Chrisanthi,1,w
Cheyenne,1,w
Maham,1,w
Mirijam,1,w
Lamis,1,w
Jamina,1,w
Saskia,1,w
Charlize,1,w
Clementine,1,w
Aishat,1,w
Emilia-Sophie,1,w
Lander,1,w
Margarete,1,w
Djummana,1,w
Kayra,1,w
Testimony,1,w
Leksha,1,w
Lorisa,1,w
Irene,1,w
Lejandra,1,w
Titiksha,1,w
Mary,1,w
Dschuri,1,w
Hivia,1,w
Delin,1,w
Madita,1,w
Teja,1,w
Maline,1,w
Nabila,1,w
Estefania,1,w
Tavya,1,w
Magdalena-Sophia,1,w
Renda,1,w
Shaliz,1,w
Warin,1,w
Theresa-Marie,1,w
Rivera,1,w
Julika,1,w
Talya,1,w
Ogele,1,w
Beneditta,1,w
Roberta,1,w
Olga,1,w
Theresia,1,w
Anneluise,1,w
Firuze,1,w
Meva,1,w
Emma-Luisa,1,w
Isalie,1,w
Kazhen,1,w
Eylem,1,w
Stamatia,1,w
Vinnie,1,w
Eleonie,1,w
Solongo,1,w
Sine,1,w
Antigoni,1,w
Kewser,1,w
Henny,1,w
Evian,1,w
Esna,1,w
Sabela,1,w
Emba,1,w
Chikako,1,w
Nora-Marit,1,w
Aymina,1,w
Karen,1,w
Jade,1,w
Ivy,1,w
Humna,1,w
Elena-Alexa,1,w
Deetya,1,w
Darija,1,w
Audrey,1,w
Nush,1,w
Xinchi,1,w
Riina,1,w
Miria,1,w
Margaux,1,w
Kaori,1,w
Marleen,1,w
Weronika,1,w
Ensa,1,w
Heliana,1,w
Maha,1,w
Annette,1,w
Nejiba,1,w
Konstantina,1,w
Vaya,1,w
Zümra-Gül,1,w
Daniyah,1,w
Mumtas,1,w
Izabela,1,w
Ilajda,1,w
Jeeva,1,w
Josy,1,w
Larimar,1,w
Rahini,1,w
Ushmil,1,w
Nilay,1,w
Rhea,1,w
Leana,1,w
Filomena,1,w
Merlinde,1,w
Rahma,1,w
Ann-Kristin,1,w
Nura,1,w
Nehir,1,w
Denise,1,w
Alisha,1,w
Ahu,1,w
Oghosa,1,w
Hermela,1,w
Jia,1,w
Meys,1,w
Malikan,1,w
Anarie,1,w
Lovren,1,w
Charlotka,1,w
Catalea-Jolie,1,w
Roksana,1,w
Enisa,1,w
Alessandra,1,w
Thao,1,w
Ottilie,1,w
Nour,1,w
Dimen,1,w
Aisse,1,w
Oghogho,1,w
Savreen,1,w
Jenedy,1,w
Alhanouf,1,w
Hayma,1,w
Afarin,1,w
Adalynn,1,w
Nevio,1,w
Nava,1,w
Lis,1,w
Jella,1,w
Leonor,1,w
Erisa,1,w
Salama,1,w
Hedda,1,w
Hadia,1,w
Esperanza,1,w
Leia,1,w
Jeraldine,1,w
Emma-Valentina,1,w
Luhanna,1,w
Siranda,1,w
Nuosi,1,w
Umamah,1,w
Jemila,1,w
Ingrid,1,w
Lyla,1,w
Denisa,1,w
Zazou,1,w
Erjeta,1,w
Diljene,1,w
Majar,1,w
Linja,1,w
Zoe-Marielle,1,w
Rosemary,1,w
Viet,1,w
Soley,1,w
Ajlana,1,w
Kaho,1,w
Floris,1,w
Jesa,1,w
Jannica,1,w
Asel,1,w
Sema,1,w
Vlada,1,w
Eviana,1,w
Zimeng,1,w
Dunya,1,w
Solveig,1,w
Ayda,1,w
Madison,1,w
Halina,1,w
Kaylin,1,w
Maliha,1,w
Kenza,1,w
Florine,1,w
Filiz,1,w
Jona,1,w
Naxhie,1,w
Nilla,1,w
Keona,1,w
Muriel,1,w
Summer,1,w
Yelena,1,w
Magda,1,w
Eadie,1,w
Adeena,1,w
Emine,1,w
Sodaba,1,w
Ekamprit,1,w
Daphne,1,w
Bea,1,w
Luzi,1,w
Raana,1,w
Anaya,1,w
Linnea,1,w
Lif,1,w
Gaia,1,w
Uliana,1,w
Aristea,1,w
Arlira,1,w
Roumaysa,1,w
Aurin,1,w
Nives,1,w
Mariela,1,w
Ersinda,1,w
Danae,1,w
Cindarella,1,w
Ensar,1,w
Ayni,1,w
Maike,1,w
Vida,1,w
Marianne,1,w
Mei,1,w
Maybell,1,w
Reona,1,w
Nejra,1,w
Alix,1,w
Malika,1,w
Katalina,1,w
Buna,1,w
Saliha,1,w
Kira-Ly,1,w
Flora-Theresa,1,w
Ward,1,w
Semanur,1,w
Theresa-Sophie,1,w
Cynthia,1,w
Konstantin,1,w
Ella-Marie,1,w
Cerise,1,w
Antonina,1,w
Annalisa,1,w
Andela,1,w
Rosi,1,w
Dzenisa,1,w
Noela,1,w
Laia,1,w
Lilyana,1,w
Jelisaveta,1,w
Orela,1,w
Gül,1,w
Fabiola,1,w
Rejoice,1,w
Chanel-Ceca,1,w
Nikole,1,w
Nica,1,w
Tugce,1,w
Fathiyah,1,w
Aybüke,1,w
Bushra,1,w
Arohi,1,w
Tatjana,1,w
Monika,1,w
Zohra,1,w
Zayneb,1,w
Tyra,1,w
Yuna,1,w
Anahita,1,w
Aminah,1,w
Nomi,1,w
Doroteja,1,w
Delina,1,w
Reka,1,w
Roa,1,w
Myrto,1,w
Myla,1,w
Salle,1,w
Jwana,1,w
Arsema,1,w
Yisu,1,w
Mandana,1,w
Yuexuan,1,w
Imma,1,w
Georgina,1,w
Amalie,1,w
Scarlett,1,w
Minela,1,w
Ilyin,1,w
Jasmine,1,w
Felicity,1,w
Noni,1,w
Ikra,1,w
Shai-Liva,1,w
Elona,1,w
Sunya,1,w
Riana,1,w
Ivayla,1,w
Marjam,1,w
Zejneb,1,w
Eiliyah,1,w
Lorelay,1,w
Kalliopi,1,w
Marlies,1,w
Maritta,1,w
Vicencia,1,w
Serah,1,w
Daryana-Mina,1,w
Adwiti,1,w
Bilan,1,w
Luiza-Maria,1,w
Serafima,1,w
Josefa,1,w
Svenja,1,w
Marva,1,w
Nelly,1,w
Dorena,1,w
Saira,1,w
Idil,1,w
Liva,1,w
Hailey-Mariella,1,w
Tanvi,1,w
Tanja-Anjali,1,w
Maryem,1,w
Viviana,1,w
Odessa,1,w
Clemence,1,w
Sarah-Mira,1,w
Katinka,1,w
Antonie,1,w
Shayma,1,w
Sharon,1,w
Merjema,1,w
Andjela,1,w
Neris,1,w
Shiyu,1,w
Hristiyana,1,w
Misha,1,w
Rabia,1,w
Lucille,1,w
Anneputri,1,w
Anita-Sorina,1,w
Daniah,1,w
Aymira,1,w
Inga,1,w
Ioana,1,w
Minke,1,w
Leonore,1,w
Anneliese,1,w
Veronica,1,w
Lidia,1,w
Anila,1,w
Hanin,1,w
Nejma,1,w
Abdilahi,1,w
Alona,1,w
Adji,1,w
Lillith,1,w
Gioia,1,w
Sanija,1,w
Leonie-Sophie,1,w
Nuoyi,1,w
Norelhuda,1,w
Nikki,1,w
Annammya,1,w
Feenja,1,w
Layaan,1,w
Nanei,1,w
Vittoria,1,w
Eroela,1,w
Basma,1,w
Vian,1,w
Hevin,1,w
Mursal,1,w
Kristanna,1,w
Erblina,1,w
Ellena,1,w
Elea,1,w
Lina-Yassmin,1,w
Bedatrayi,1,w
Vasilena,1,w
Tirza,1,w
Danielle,1,w
Ceylan,1,w
Begüm,1,w
Zoya,1,w
Sylvana,1,w
Jinxiu,1,w
Rebeka,1,w
Jemima,1,w
Frederike,1,w
Fenia,1,w
Lorelei,1,w
Joly,1,w
Gülseven,1,w
Anuela,1,w
Anastasia-Aurelia,1,w
Mahia,1,w
Linya,1,w
Raphaela-Laura,1,w
Chlöe,1,w
Büsra-Nur,1,w
Rocca,1,w
Selena,1,w
Ecrinnaz,1,w
Lara-Sophie,1,w
Evatef,1,w
Almasani,1,w
Madlen,1,w
Lykke,1,w
Aanya,1,w
Tijana,1,w
Sarai,1,w
Xi,1,w
Annastasia,1,w
Anays,1,w
Daryna,1,w
Reet,1,w
Efsun,1,w
Angelina-Maria,1,w
Aldijana,1,w
Irmak,1,w
Safiye,1,w
Miaoxi,1,w
Raluca-Alina,1,w
Rim,1,w
Alissya,1,w
Aelet,1,w
Berra,1,w
Berin,1,w
Aya,1,w
Aveline,1,w
Faryal,1,w
Manasakshi,1,w
Dadiel,1,w
Phaedra,1,w
Lea-Marie,1,w
Zita,1,w
Rama,1,w
Apollonia,1,w
Dorra,1,w
Andriana,1,w
Safi,1,w
Suna,1,w
Tima,1,w
Soumia,1,w
Elanaz,1,w
Salam,1,w
Malisa,1,w
Dardana,1,w
Elisya,1,w
Aelia,1,w
Talea,1,w
Shanaya,1,w
Hedi,1,w
Hao,1,w
Lustina,1,w
Yardiana,1,w
Miwa,1,w
Laureta,1,w
Rosie,1,w
Negar,1,w
Okeoghene,1,w
Jiaqi,1,w
Yunhan,1,w
Janeta,1,w
Wally,1,w
Jada,1,w
Lian,1,w
Gesa,1,w
Mehek,1,w
Tina,1,w
Emmanuelle,1,w
Emili,1,w
Ekaterina,1,w
Pehriye,1,w
Noursin,1,w
Laura-Maria,1,w
Arijana,1,w
Mihaela,1,w
Donja,1,w
Rachel,1,w
Sajma,1,w
Soliyana,1,w
Annouk,1,w
Seraphina,1,w
Inci-Ask,1,w
Evora,1,w
Hannah-Luise,1,w
Ajana,1,w
Clara-Marie,1,w
Rogaya,1,w
Vitus,1,w
Fatmanur,1,w
Asenath,1,w
Masal,1,w
Anaaf,1,w
Liona-Sole,1,w
Lamya,1,w
Israa,1,w
Pia-Sophie,1,w
Asia,1,w
Arina,1,w
Ariadni,1,w
Negin,1,w
Ena,1,w
Maxima,1,w
Jolanda,1,w
Ruqeia,1,w
Caralinda,1,w
Elisa-Julia,1,w
Dashin,1,w
Inci,1,w
Lennja,1,w
Treasure,1,w
Mukadder,1,w
Olaya,1,w
Katrina,1,w
Frederika,1,w
Fidelia,1,w
Felipa,1,w
Schabnam,1,w
Sol,1,w
Sara-Marie,1,w
Sadaf,1,w
Angeline,1,w
Ajsa,1,w
Myra,1,w
Lawinia,1,w
Marilen,1,w
Wiktoria,1,w
Chelsea,1,w
Rumy,1,w
Astrid,1,w
Zofia,1,w
Undine,1,w
Amerina,1,w
Sabina,1,w
Ebru,1,w
Amber,1,w
Lika,1,w
Hibo,1,w
Firdes,1,w
Felicita,1,w
Hewlin,1,w
Iga,1,w
Jueun,1,w
Leange,1,w
Lavania,1,w
Samar,1,w
Jolantha,1,w
Mali,1,w
Jenni,1,w
Feyzan,1,w
Sessi,1,w
Ema-Glorija,1,w
Hannalena,1,w
Cilia,1,w
Baya,1,w
Avaptisto,1,w
Elyssa,1,w
Elene,1,w
Yelynn,1,w
Nina-Theresa,1,w
Rie,1,w
Yvonne,1,w
Yousra,1,w
Amaya,1,w
Alysha,1,w
Androniki,1,w
Kimia,1,w
Malu,1,w
Leony,1,w
Felizia,1,w
Haylie,1,w
Carlina,1,w
Cailin,1,w
Lena-Marie,1,w
Marie-Louise,1,w
Asiel,1,w
Vasiliki,1,w
Indra,1,w
Sveva,1,w
Ellinor,1,w
Sya,1,w
Chanys,1,w
Izabella,1,w
Afra,1,w
Evelin,1,w
Arta,1,w
Anneli,1,w
Raziye,1,w
Hanya,1,w
Mai,1,w
Emma-Sophie,1,w
Sila-Saniye,1,w
Labinota,1,w
Havin,1,w
Hanna-Sophie,1,w
Elen,1,w
Mensa,1,w
Marianicol,1,w
Solemia,1,w
Lia-Luana,1,w
Rezwana,1,w
Phuong,1,w
Serine,1,w
Seline,1,w
Iftu,1,w
Vanesa,1,w
Leopoldo,1,w
Desina,1,w
Tamira,1,w
Judy,1,w
Hedwig,1,w
Bettina,1,w
Barbara,1,w
Xin,1,w
Veselina,1,w
Omaima,1,w
Oliwia,1,w
Anna-Antonia,1,w
Feli,1,w
Maxine,1,w
Husna,1,w
Medije,1,w
Lina-Raschida,1,w
Rasal,1,w
Azelia,1,w
Khadijah,1,w
Nanako,1,w
Sanam,1,w
Berenike,1,w
Yuno,1,w
Setayesh,1,w
Nada,1,w
Stephanie,1,w
Zsanett,1,w
Zerina,1,w
Assal,1,w
Jusra,1,w
Chava,1,w
Aliza,1,w
Ira,1,w
Lisa-Marie,1,w
Lijana,1,w
Liesa,1,w
Fernanda,1,w
Cansu,1,w
Kiira,1,w
Mahdiya,1,w
Surena,1,w
Elifnur,1,w
Kokoro,1,w
Shan,1,w
Lienah,1,w
Ikram,1,w
Loreen,1,w
Alinda,1,w
Xheneta,1,w
Hafsa,1,w
Beza,1,w
Eos,1,w
Zulhadiye,1,w
Bllen,1,w
Avdotia,1,w
Miyako,1,w
Nicola,1,w
Leny,1,w
Gülhayat,1,w
Tihana,1,w
Emmarell,1,w
Dalin,1,w
Zi-Hui,1,w
Zhiyun,1,w
Zanah,1,w
Noshika,1,w
Mirabella,1,w
Hila,1,w
Lela,1,w
Costanza,1,w
Scharazat,1,w
Violet,1,w
Zülal,1,w
Chimamanda,1,w
Uila,1,w
Sinemis,1,w
Aniela,1,w
Antonela,1,w
Ravza,1,w
Almina,1,w
Linn,1,w
Giada,1,w
Aditya,1,w
Lira,1,w
Kaya,1,w
Odelia,1,w
Ilenia,1,w
Iglika,1,w
Joana,1,w
Luluah,1,w
Dajla,1,w
Lani,1,w
Siddhi,1,w
Bibi,1,w
Aulona,1,w
Athina,1,w
Janna,1,w
Melania,1,w
Areti,1,w
Almira,1,w
Fabiana,1,w
Luliana,1,w
Lamiss,1,w
Mariana,1,w
Kawsar,1,w
Suana,1,w
Seba,1,w
Fabiella,1,w
Emma-Stephanie,1,w
Blanka,1,w
Monica,1,w
Konstanze,1,w
Zainab,1,w
Yukie,1,w
Ajlin,1,w
Joni,1,w
Fatimatou,1,w
Elis,1,w
Cetina,1,w
Iveta,1,w
Satayesh,1,w
Selinay,1,w
Diara-Aurelia,1,w
Prisca,1,w
Leonor-Luise,1,w
Mushtaaq,1,w
Rüküs,1,w
Bra-Marie,1,w
Milina,1,w
Kamilla,1,w
Tilly,1,w
Kavin,1,w
Aurela,1,w
Lura,1,w
Seya-Lena,1,w
Karmen,1,w
Diamond,1,w
Alya,1,w
Aila,1,w
Lilit,1,w
Lilien,1,w
Leontine,1,w
Terka-Maria,1,w
Rongduo,1,w
Asiyah,1,w
Susana,1,w
Vivian,1,w
Siana,1,w
Coumba,1,w
Beyzanur,1,w
Benita,1,w
Thilda,1,w
Ilona,1,w
Rosalia,1,w
Zahra,1,w
Sindi,1,w
Meriem,1,w
Anissa,1,w
Anthea,1,w
Sul,1,w
Nella,1,w
Rayana,1,w
Dijana,1,w
Ahsen,1,w
Rasan,1,w
Lise,1,w
Kate,1,w
Giuliana,1,w
Genevieve,1,w
Florian,1,w
Bui,1,w
Fanny,1,w
Eliona,1,w
Ravenna,1,w
Sabrine,1,w
Derya,1,w
Alan,1,w
Azahara,1,w
Liliane,1,w
Ranim,1,w
Samina,1,w
Ida-Luise,1,w
Keer,1,w
Rosalia-Angela,1,w
Jamie,1,w
Lezma,1,w
Pamo,1,w
Noicha,1,w
Xina,1,w
Nikol,1,w
Ria,1,w
Laureen,1,w
Seyran,1,w
Semira,1,w
Seren,1,w
Soni,1,w
Nadeen,1,w
Nesrin,1,w
Nergis,1,w
Mika,1,w
Aino,1,w
Rahaf,1,w
Lorea,1,w
Samira-Rebecca,1,w
Göksu,1,w
Fee,1,w
Rabea,1,w
Karaca,1,w
Emmanuela,1,w
Emeli,1,w
Eloise,1,w
Aselya,1,w
Oseremen,1,w
Nikolett,1,w
Christabel,1,w
Zohal,1,w
Ziza,1,w
Erlisa,1,w
Melody,1,w
Evin,1,w
Jette,1,w
Maximiliane,1,w
Jolie,1,w
Hella,1,w
Farah,1,w
Elma,1,w
Elva,1,w
Meryem-Leyla,1,w
Siyaneet,1,w
Zilinda,1,w
Neval,1,w
Sevcan,1,w
Emiglia,1,w
Hanna-Liisa,1,w
Delainy,1,w
Hodinahandi,1,w
Korina,1,w
Yu,1,w
Anahi,1,w
Rumeysa,1,w
Sajra,1,w
Jolien,1,w
Hanasa,1,w
Kesane,1,w
Ruksana,1,w
Morea,1,w
Lucia-Valeria,1,w
Burte-Ujin,1,w
Valsa,1,w
Davorah,1,w
Meklit,1,w
Laryssa,1,w
Firdaous,1,w
Cäcilia,1,w
Kyla,1,w
Bana,1,w
Ann-Marie,1,w
Poppy,1,w
Samara,1,w
Jil,1,w
Mija,1,w
Naz,1,w
Amena,1,w
Adella,1,w
Natalin,1,w
Keylani,1,w
Arona,1,w
Argjenda,1,w
Faye,1,w
Elissa,1,w
Luriana,1,w
Leevke,1,w
Büve,1,w
Miyu,1,w
Fatdma,1,w
Haruyoshi,1,w
Mahya,1,w
Biftu,1,w
Inessa,1,w
Kamila,1,w
Aline,1,w
Sonya,1,w
Angelica,1,w
Anita,1,w
Moska,1,w
Ilana,1,w
Lorenza,1,w
Amera,1,w
Asile,1,w
Nilab,1,w
Leanne,1,w
Humira,1,w
Vasilisa,1,w
Dariya,1,w
Chaya,1,w
Luz,1,w
Ilke,1,w
Maelys,1,w
Lena-Sophia,1,w
Kathrin,1,w
Roza,1,w
Amala,1,w
Diara,1,w
Molly,1,w
Ilena,1,w
Aileen,1,w
Hosna,1,w
Katia,1,w
Heloisa,1,w
