Rang,Anzahl,Vorname,Geschlecht,-,Rang,Anzahl,Vorname,Geschlecht
1,61,Emma,w,,1,60,Emil,m
2,48,Mia,w,,2,58,Ben,m
3,45,Charlotte,w,,3,58,Karl,m
4,44,Lea,w,,4,51,Oskar,m
5,43,Hannah,w,,5,51,Paul,m
6,42,Emilia,w,,6,48,Theodor,m
7,41,Johanna,w,,7,46,Anton,m
8,38,Clara,w,,8,40,Noah,m
9,38,Ella,w,,9,37,Theo,m
10,38,Lina,w,,10,34,Jonas,m
11,35,Anna,w,,11,33,Moritz,m
12,34,Mila,w,,12,32,Elias,m
13,33,Lena,w,,13,31,Adam,m
14,32,Ida,w,,14,31,Fritz,m
15,32,Marie,w,,15,31,Leon,m
16,31,Greta,w,,16,31,Milan,m
17,26,Nele,w,,17,30,Arthur,m
18,26,Sophia,w,,18,30,Lukas,m
19,25,Leni,w,,19,28,Felix,m
20,24,Lotta,w,,20,28,Finn,m
21,24,Nora,w,,21,28,Luca,m
22,23,Alma,w,,22,26,Vincent,m
23,23,Frieda,w,,23,25,Maximilian,m
24,23,Mathilda,w,,24,24,Levi,m
25,23,Pauline,w,,25,24,Till,m
26,22,Amelie,w,,26,23,Erik,m
27,22,Hanna,w,,27,23,Friedrich,m
28,22,Klara,w,,28,23,Jonathan,m
29,22,Leonie,w,,29,23,Leo,m
30,22,Paula,w,,30,22,Henry,m
31,21,Lara,w,,31,22,Max,m
32,21,Maria,w,,32,22,Mika,m
33,20,Frida,w,,33,21,Alexander,m
34,20,Pia,w,,34,21,Jakob,m
35,19,Laura,w,,35,21,Liam,m
36,18,Elisabeth,w,,36,21,Linus,m
37,18,Emily,w,,37,20,Bruno,m
38,18,Helena,w,,38,20,Hannes,m
39,17,Elena,w,,39,19,Julian,m
40,17,Tilda,w,,40,19,Luis,m
41,16,Lilly,w,,41,19,Niklas,m
42,16,Luise,w,,42,19,Samuel,m
43,16,Luna,w,,43,18,Aaron,m
44,16,Mara,w,,44,18,Matteo,m
45,16,Mira,w,,45,17,Julius,m
46,16,Rosalie,w,,46,17,Louis,m
47,15,Helene,w,,47,17,Pepe,m
48,15,Maja,w,,48,17,Tim,m
49,15,Martha,w,,49,16,Adrian,m
50,14,Antonia,w,,50,16,Franz,m
51,14,Katharina,w,,51,16,Henri,m
52,14,Lia,w,,52,16,Johann,m
53,14,Magdalena,w,,53,16,Konrad,m
54,14,Marlene,w,,54,15,Charlie,m
55,14,Ronja,w,,55,15,Frederik,m
56,14,Sarah,w,,56,15,Johannes,m
57,13,Amalia,w,,57,15,Kurt,m
58,13,Carlotta,w,,58,15,Leopold,m
59,13,Isabella,w,,59,15,Richard,m
60,13,Julia,w,,60,14,Ferdinand,m
61,13,Maya,w,,61,14,Gustav,m
62,13,Miriam,w,,62,14,Hugo,m
63,12,Anni,w,,63,14,Konstantin,m
64,12,Elisa,w,,64,14,Leonard,m
65,12,Jasmin,w,,65,14,Ludwig,m
66,12,Lene,w,,66,14,Milo,m
67,12,Mina,w,,67,14,Ole,m
68,12,Sophie,w,,68,14,Philipp,m
69,12,Theresa,w,,69,13,Daniel,m
70,11,Elsa,w,,70,13,David,m
71,11,Eva,w,,71,13,Edgar,m
72,11,Juna,w,,72,13,Fabian,m
73,11,Lisa,w,,73,13,Florian,m
74,11,Lotte,w,,74,13,Fynn,m
75,11,Matilda,w,,75,13,John,m
76,11,Nina,w,,76,13,Nils,m
77,11,Rosa,w,,77,13,Simon,m
78,11,Wilma,w,,78,12,Bela,m
79,10,Alina,w,,79,12,Eric,m
80,10,Käthe,w,,80,12,Lennard,m
81,10,Melina,w,,81,12,Malte,m
82,10,Stella,w,,82,12,Mats,m
83,10,Victoria,w,,83,12,Raphael,m
84,9,Anastasia,w,,84,12,Valentin,m
85,9,Elina,w,,85,11,Carl,m
86,9,Elise,w,,86,11,Georg,m
87,9,Lilli,w,,87,11,Hans,m
88,9,Linda,w,,88,11,Justus,m
89,9,Luisa,w,,89,11,William,m
90,9,Milena,w,,90,10,Amir,m
91,9,Milla,w,,91,10,Mattis,m
92,9,Thea,w,,92,10,Oliver,m
93,8,Alexandra,w,,93,10,Oscar,m
94,8,Emilie,w,,94,10,Wilhelm,m
95,8,Fatima,w,,95,9,Alfred,m
96,8,Fiona,w,,96,9,Benjamin,m
97,8,Henriette,w,,97,9,Benno,m
98,8,Lucy,w,,98,9,Carlo,m
99,8,Paulina,w,,99,9,Jasper,m
100,7,Annelie,w,,100,9,Joel,m
101,7,Ava,w,,101,9,Lenny,m
102,7,Flora,w,,102,9,Maxim,m
103,7,Hilda,w,,103,9,Mohamed,m
104,7,Melissa,w,,104,9,Mohammed,m
105,7,Merle,w,,105,9,Nick,m
106,7,Selma,w,,106,9,Robin,m
107,7,Sofia,w,,107,9,Timo,m
108,7,Valentina,w,,108,9,Tom,m
109,7,Zora,w,,109,8,Arian,m
110,6,Alva,w,,110,8,Emilio,m
111,6,Amilia,w,,111,8,Fiete,m
112,6,Amy,w,,112,8,Jannes,m
113,6,Elli,w,,113,8,Jonah,m
114,6,Enna,w,,114,8,Joris,m
115,6,Freya,w,,115,8,Joshua,m
116,6,Hedda,w,,116,8,Kilian,m
117,6,Helen,w,,117,8,Otto,m
118,6,Hilde,w,,118,8,Willi,m
119,6,Karla,w,,119,7,Albert,m
120,6,Laila,w,,120,7,Ali,m
121,6,Luana,w,,121,7,Ben-Luca,m
122,6,Malia,w,,122,7,Caspar,m
123,6,Olivia,w,,123,7,Constantin,m
124,6,Palina,w,,124,7,Gabriel,m
125,6,Sara,w,,125,7,Jacob,m
126,6,Smilla,w,,126,7,Jannis,m
127,6,Talia,w,,127,7,Leonardo,m
128,6,Ylva,w,,128,7,Levin,m
129,6,Zoe,w,,129,7,Lucas,m
130,6,Zoey,w,,130,7,Matheo,m
131,5,Amelia,w,,131,6,Arne,m
132,5,Amina,w,,132,6,Gregor,m
133,5,Aurelia,w,,133,6,Ian,m
134,5,Celine,w,,134,6,Janne,m
135,5,Edda,w,,135,6,Janosch,m
136,5,Emely,w,,136,6,Jaro,m
137,5,Evelyn,w,,137,6,Mark,m
138,5,Finja,w,,138,6,Marlon,m
139,5,Fritzi,w,,139,6,Marvin,m
140,5,Josefine,w,,140,6,Neo,m
141,5,Jule,w,,141,6,Nico,m
142,5,Maila,w,,142,6,Toni,m
143,5,Mathilde,w,,143,5,Amin,m
144,5,Mona,w,,144,5,August,m
145,5,Tabea,w,,145,5,Charly,m
146,5,Tina,w,,146,5,Clemens,m
147,5,Yara,w,,147,5,Damian,m
148,4,Adelina,w,,148,5,Fred,m
149,4,Alba,w,,149,5,Heinrich,m
150,4,Alice,w,,150,5,Jamie,m
151,4,Alicia,w,,151,5,Jan,m
152,4,Amanda,w,,152,5,Jaron,m
153,4,Annabelle,w,,153,5,Jason,m
154,4,Annika,w,,154,5,Jona,m
155,4,Anouk,w,,155,5,Juri,m
156,4,Aurora,w,,156,5,Kai,m
157,4,Carla,w,,157,5,Kasimir,m
158,4,Cleo,w,,158,5,Lennox,m
159,4,Esther,w,,159,5,Lio,m
160,4,Florentine,w,,160,5,Magnus,m
161,4,Hailey,w,,161,5,Mailo,m
162,4,Hedi,w,,162,5,Marek,m
163,4,Heidi,w,,163,5,Mateo,m
164,4,Irma,w,,164,5,Mohammad,m
165,4,Isabell,w,,165,5,Nicolas,m
166,4,Jessica,w,,166,5,Rafael,m
167,4,Jette,w,,167,5,Taylor,m
168,4,Judith,w,,168,5,Titus,m
169,4,Karlotta,w,,169,5,Tristan,m
170,4,Kira,w,,170,5,Younes,m
171,4,Larissa,w,,171,4,Alessio,m
172,4,Leah,w,,172,4,Alex,m
173,4,Lien,w,,173,4,Arno,m
174,4,Liliana,w,,174,4,Artur,m
175,4,Liselotte,w,,175,4,Bennet,m
176,4,Liv,w,,176,4,Bjarne,m
177,4,Margarete,w,,177,4,Brian,m
178,4,Mariam,w,,178,4,Carlos,m
179,4,Marla,w,,179,4,Collin,m
180,4,Marta,w,,180,4,Eddi,m
181,4,Milana,w,,181,4,Egon,m
182,4,Minh,w,,182,4,Eliah,m
183,4,Ophelia,w,,183,4,Emilian,m
184,4,Rebecca,w,,184,4,Enno,m
185,4,Ria,w,,185,4,Fadi,m
186,4,Vanessa,w,,186,4,Finnley,m
187,4,Xenia,w,,187,4,Gero,m
188,4,Yasmin,w,,188,4,Henrik,m
189,3,Aisha,w,,189,4,Ibrahim,m
190,3,Alexia,w,,190,4,Jonne,m
191,3,Alisa,w,,191,4,Josef,m
192,3,Aliya,w,,192,4,Lars,m
193,3,Anika,w,,193,4,Lasse,m
194,3,Annabell,w,,194,4,Lennart,m
195,3,Arina,w,,195,4,Leonas,m
196,3,Bella,w,,196,4,Lion,m
197,3,Cecilia,w,,197,4,Luke,m
198,3,Charlotta,w,,198,4,Mahmoud,m
199,3,Dorothea,w,,199,4,Marc,m
200,3,Eda,w,,200,4,Mattheo,m
201,3,Elea,w,,201,4,Matti,m
202,3,Ellen,w,,202,4,Michael,m
203,3,Ellena,w,,203,4,Nathan,m
204,3,Elly,w,,204,4,Phil,m
205,3,Emmy,w,,205,4,Piet,m
206,3,Emy,w,,206,4,Ruben,m
207,3,Felicia,w,,207,4,Silas,m
208,3,Finya,w,,208,4,Thore,m
209,3,Gerda,w,,209,4,Yassin,m
210,3,Hermine,w,,210,3,Ahmad,m
211,3,Holly,w,,211,3,Albrecht,m
212,3,Jane,w,,212,3,Aljoscha,m
213,3,Jella,w,,213,3,Anas,m
214,3,Jonna,w,,214,3,Anthony,m
215,3,Josephin,w,,215,3,Antonio,m
216,3,Josephine,w,,216,3,Aron,m
217,3,Juno,w,,217,3,Augustin,m
218,3,Kaja,w,,218,3,Azad,m
219,3,Kim,w,,219,3,Bastian,m
220,3,Lana,w,,220,3,Christian,m
221,3,Layla,w,,221,3,Darius,m
222,3,Leana,w,,222,3,Dean,m
223,3,Leona,w,,223,3,Dominic,m
224,3,Leticia,w,,224,3,Eduard,m
225,3,Liana,w,,225,3,Elio,m
226,3,Lieselotte,w,,226,3,Elmar,m
227,3,Lilith,w,,227,3,Frieder,m
228,3,Linnea,w,,228,3,Ghaith,m
229,3,Lisbeth,w,,229,3,Helge,m
230,3,Livia,w,,230,3,Henning,m
231,3,Lore,w,,231,3,Issa,m
232,3,Louisa,w,,232,3,James,m
233,3,Louise,w,,233,3,Jannek,m
234,3,Madita,w,,234,3,Jannik,m
235,3,Malea,w,,235,3,Jarik,m
236,3,Malena,w,,236,3,Jeremy,m
237,3,Malina,w,,237,3,Johan,m
238,3,Margo,w,,238,3,Jonte,m
239,3,Mariella,w,,239,3,Joscha,m
240,3,Mascha,w,,240,3,Justin,m
241,3,Meike,w,,241,3,Kalle,m
242,3,Melia,w,,242,3,Kaspar,m
243,3,Meta,w,,243,3,Kolja,m
244,3,Mia-Sophie,w,,244,3,Leander,m
245,3,Nika,w,,245,3,Lias,m
246,3,Rebekka,w,,246,3,Lovis,m
247,3,Romy,w,,247,3,Luka,m
248,3,Rose,w,,248,3,Mads,m
249,3,Roxana,w,,249,3,Malik,m
250,3,Ruby,w,,250,3,Marian,m
251,3,Safia,w,,251,3,Marius,m
252,3,Selena,w,,252,3,Markus,m
253,3,Skadi,w,,253,3,Maurice,m
254,3,Susanna,w,,254,3,Michel,m
255,3,Tala,w,,255,3,Miko,m
256,3,Talin,w,,256,3,Miran,m
257,3,Tamara,w,,257,3,Nikita,m
258,3,Tara,w,,258,3,Omar,m
259,3,Valerie,w,,259,3,Pierre,m
260,3,Ylvie,w,,260,3,Rio,m
261,3,Yuna,w,,261,3,Robert,m
262,3,Élise,w,,262,3,Ryan,m
263,2,Ada,w,,263,3,Said,m
264,2,Adriana,w,,264,3,Sebastian,m
265,2,Alena,w,,265,3,Tamilo,m
266,2,Alissa,w,,266,3,Tamino,m
267,2,Aliyah,w,,267,3,Tamo,m
268,2,Angelina,w,,268,3,Timon,m
269,2,Anisa,w,,269,3,Tony,m
270,2,Annalena,w,,270,3,Tyler,m
271,2,Anny,w,,271,3,Viktor,m
272,2,Aria,w,,272,3,Willem,m
273,2,Augusta,w,,273,3,Youssef,m
274,2,Avrin,w,,274,3,Yusef,m
275,2,Aya,w,,275,3,Zaid,m
276,2,Ayla,w,,276,2,Abdul,m
277,2,Aylin,w,,277,2,Adem,m
278,2,Bailey,w,,278,2,Ahmed,m
279,2,Calea,w,,279,2,Alwin,m
280,2,Camila,w,,280,2,Amadeus,m
281,2,Carolina,w,,281,2,Amon,m
282,2,Charlene,w,,282,2,Amos,m
283,2,Chiara,w,,283,2,An,m
284,2,Ciara,w,,284,2,Andrés,m
285,2,Clea,w,,285,2,Ansgar,m
286,2,Dana,w,,286,2,Ares,m
287,2,Daria,w,,287,2,Armin,m
288,2,Darja,w,,288,2,Atreju,m
289,2,Diana,w,,289,2,Bao,m
290,2,Eleanor,w,,290,2,Benedikt,m
291,2,Eleonora,w,,291,2,Bilal,m
292,2,Eleonore,w,,292,2,Bo,m
293,2,Elif,w,,293,2,Boris,m
294,2,Elin,w,,294,2,Bryan,m
295,2,Ellie,w,,295,2,Béla,m
296,2,Elma,w,,296,2,Casper,m
297,2,Elvira,w,,297,2,Cedric,m
298,2,Eléna,w,,298,2,Cosmo,m
299,2,Emmi,w,,299,2,Dario,m
300,2,Erna,w,,300,2,Denis,m
301,2,Estelle,w,,301,2,Destiny,m
302,2,Evi,w,,302,2,Dominik,m
303,2,Ewa,w,,303,2,Dorian,m
304,2,Fee,w,,304,2,Eddie,m
305,2,Felicitas,w,,305,2,Edward,m
306,2,Felina,w,,306,2,Edwin,m
307,2,Florentina,w,,307,2,Elvis,m
308,2,Franziska,w,,308,2,Elwin,m
309,2,Freia,w,,309,2,Elyas,m
310,2,Gabriella,w,,310,2,Enzo,m
311,2,Gretchen,w,,311,2,Ethan,m
312,2,Hadia,w,,312,2,Etienne,m
313,2,Hala,w,,313,2,Evin,m
314,2,Haley,w,,314,2,Fabio,m
315,2,Hanne,w,,315,2,Fahd,m
316,2,Hedy,w,,316,2,Finley,m
317,2,Helga,w,,317,2,Fjonn,m
318,2,Hella,w,,318,2,Florentin,m
319,2,Hope,w,,319,2,Frans,m
320,2,Iman,w,,320,2,Gerd,m
321,2,Ingrid,w,,321,2,Gia,m
322,2,Isabelle,w,,322,2,Gunnar,m
323,2,Jamila,w,,323,2,Haakon,m
324,2,Jana,w,,324,2,Halvar,m
325,2,Janka,w,,325,2,Hanno,m
326,2,Jara,w,,326,2,Hasan,m
327,2,Jennifer,w,,327,2,Hector,m
328,2,Joleen,w,,328,2,Hüseyin,m
329,2,Jolie,w,,329,2,Hải,m
330,2,Josefin,w,,330,2,Ilias,m
331,2,Juli,w,,331,2,Ilja,m
332,2,Julianna,w,,332,2,Immanuel,m
333,2,Kayla,w,,333,2,Ivar,m
334,2,Kiara,w,,334,2,Jack,m
335,2,Laetitia,w,,335,2,Jad,m
336,2,Layan,w,,336,2,Jakub,m
337,2,Leia,w,,337,2,Janek,m
338,2,Leila,w,,338,2,Janik,m
339,2,Lenia,w,,339,2,Jascha,m
340,2,Lenya,w,,340,2,Jayden,m
341,2,Leonora,w,,341,2,Jesper,m
342,2,Lexa,w,,342,2,Joko,m
343,2,Liah,w,,343,2,Jonatan,m
344,2,Lian,w,,344,2,Josia,m
345,2,Lilia,w,,345,2,Josias,m
346,2,Lillian,w,,346,2,Jovan,m
347,2,Lilliana,w,,347,2,Jurek,m
348,2,Lilo,w,,348,2,Karam,m
349,2,Lilou,w,,349,2,Karlo,m
350,2,Liva,w,,350,2,Kerem,m
351,2,Lola,w,,351,2,Kevin,m
352,2,Lou,w,,352,2,Khaled,m
353,2,Lucie,w,,353,2,Klaus,m
354,2,Luzia,w,,354,2,Lauri,m
355,2,Lya,w,,355,2,Leif,m
356,2,Lydia,w,,356,2,Lenox,m
357,2,Lyra,w,,357,2,Lewin,m
358,2,Maira,w,,358,2,Lino,m
359,2,Malak,w,,359,2,Logan,m
360,2,Maren,w,,360,2,Lou,m
361,2,Marie-Luise,w,,361,2,Lounis,m
362,2,Mariem,w,,362,2,Luan,m
363,2,Marit,w,,363,2,Lucien,m
364,2,Marleen,w,,364,2,Maris,m
365,2,Marlena,w,,365,2,Marko,m
366,2,Masa,w,,366,2,Marlo,m
367,2,Mayla,w,,367,2,Marten,m
368,2,Melody,w,,368,2,Marwin,m
369,2,Meret,w,,369,2,Matthes,m
370,2,Mika,w,,370,2,Maël,m
371,2,Mila-Rose,w,,371,2,Merlin,m
372,2,Mimi,w,,372,2,Mick,m
373,2,Mirna,w,,373,2,Miro,m
374,2,Momo,w,,374,2,Miroslav,m
375,2,Natalie,w,,375,2,Mitja,m
376,2,Nathalie,w,,376,2,Mohamad,m
377,2,Neda,w,,377,2,Niclas,m
378,2,Nela,w,,378,2,Nikolas,m
379,2,Neva,w,,379,2,Noel,m
380,2,Nova,w,,380,2,Noor,m
381,2,Pina,w,,381,2,Nour,m
382,2,Ragna,w,,382,2,Odin,m
383,2,Rana,w,,383,2,Osmo,m
384,2,Ranim,w,,384,2,Pablo,m
385,2,Rolav,w,,385,2,Paulo,m
386,2,Runa,w,,386,2,Pavel,m
387,2,Samira,w,,387,2,Peter,m
388,2,Selina,w,,388,2,Philip,m
389,2,Shaam,w,,389,2,Ragnar,m
390,2,Sham,w,,390,2,Rico,m
391,2,Sina,w,,391,2,Rocco,m
392,2,Somaya,w,,392,2,Romeo,m
393,2,Soraja,w,,393,2,Rufus,m
394,2,Soraya,w,,394,2,Sam,m
395,2,Svea,w,,395,2,Sami,m
396,2,Svenja,w,,396,2,Samson,m
397,2,Swantje,w,,397,2,Samu,m
398,2,Tasnim,w,,398,2,Sandro,m
399,2,Tessa,w,,399,2,Spencer,m
400,2,Theodora,w,,400,2,Sultan,m
401,2,Toni,w,,401,2,Tadeo,m
402,2,Valeria,w,,402,2,Taim,m
403,2,Valeska,w,,403,2,Tammo,m
404,2,Vicky,w,,404,2,Tarik,m
405,2,Viktoria,w,,405,2,Taro,m
406,2,Wanda,w,,406,2,Thies,m
407,2,Wilhelmine,w,,407,2,Thomas,m
408,2,Yasmina,w,,408,2,Thorin,m
409,2,Zeyneb,w,,409,2,Tilman,m
410,2,Zoé,w,,410,2,Timmy,m
411,1,Aaliyah,w,,411,2,Timofey,m
412,1,Aava,w,,412,2,Tino,m
413,1,Abby,w,,413,2,Tobias,m
414,1,Abbygale,w,,414,2,Tommy,m
415,1,Abigail,w,,415,2,Vito,m
416,1,Abril,w,,416,2,Vitus,m
417,1,Adea,w,,417,2,Walid,m
418,1,Adele,w,,418,2,Willy,m
419,1,Adina,w,,419,2,Xavier,m
420,1,Adyan,w,,420,2,Yahya,m
421,1,Adéle,w,,421,2,Yorick,m
422,1,Agrippina,w,,422,2,Yusuf,m
423,1,Ahin,w,,423,2,Zlatan,m
424,1,Aicha,w,,424,1,Aaro,m
425,1,Aida,w,,425,1,Abd,m
426,1,Aiko,w,,426,1,Abd-Elhakim,m
427,1,Aila,w,,427,1,Abdalrahman,m
428,1,Aimée,w,,428,1,Abdul-Alim,m
429,1,Aisa,w,,429,1,Abdulla,m
430,1,Aischa,w,,430,1,Abdülkerim,m
431,1,Aishe,w,,431,1,Abel,m
432,1,Ajsa,w,,432,1,Abraham,m
433,1,Akina,w,,433,1,Adar,m
434,1,Akira,w,,434,1,Adham,m
435,1,Alana,w,,435,1,Adrián,m
436,1,Alenka,w,,436,1,Aehm,m
437,1,Alessandra,w,,437,1,Aeneas,m
438,1,Alessia,w,,438,1,Aghyad,m
439,1,Alexis,w,,439,1,Ahmet,m
440,1,Aleya,w,,440,1,Aiven,m
441,1,Alia,w,,441,1,Ajan,m
442,1,Aliah,w,,442,1,Al,m
443,1,Alice-Fabienne,w,,443,1,Alaa,m
444,1,Alicja,w,,444,1,Alan,m
445,1,Alin,w,,445,1,Alane,m
446,1,Alisha,w,,446,1,Alaric,m
447,1,Allin,w,,447,1,Alaz,m
448,1,Almut-Luise,w,,448,1,Albaraa,m
449,1,Alnesa,w,,449,1,Alberto,m
450,1,Alrike,w,,450,1,Albin,m
451,1,Alya,w,,451,1,Aleksander,m
452,1,Amalija,w,,452,1,Alem-Ago,m
453,1,Amani,w,,453,1,Alessandro,m
454,1,Amara,w,,454,1,Alexander-Max,m
455,1,Amaya,w,,455,1,Alfons,m
456,1,Amela,w,,456,1,Allam,m
457,1,Amelie-Asuna,w,,457,1,Alma,m
458,1,Amelie-Serafina,w,,458,1,Alon,m
459,1,Amelie-Sophie,w,,459,1,Aloy,m
460,1,Amira,w,,460,1,Alred,m
461,1,Amouneh,w,,461,1,Alvar,m
462,1,Amr,w,,462,1,Anakin,m
463,1,Amy-Mia,w,,463,1,Andor,m
464,1,Amy-Sophie,w,,464,1,Andrei,m
465,1,Amélie,w,,465,1,Andrej,m
466,1,Andrada,w,,466,1,Andris,m
467,1,Andreea,w,,467,1,András,m
468,1,Angela,w,,468,1,Ange,m
469,1,Angelíque,w,,469,1,Angelos,m
470,1,Anikó,w,,470,1,Anh-Khoa,m
471,1,Anisha-Rose,w,,471,1,Anmar,m
472,1,Anissa,w,,472,1,Anson,m
473,1,Anja,w,,473,1,Antoni,m
474,1,Anjali,w,,474,1,Antonin,m
475,1,Anjali-Chameen,w,,475,1,Antti,m
476,1,Anjuli,w,,476,1,Anuk,m
477,1,Anna-Elisabeth,w,,477,1,Anup,m
478,1,Anna-Lotta,w,,478,1,Arad,m
479,1,Anna-Magdalena,w,,479,1,Aram,m
480,1,Anna-Sophia,w,,480,1,Aras,m
481,1,Annabel,w,,481,1,Ari,m
482,1,Annalea,w,,482,1,Arik,m
483,1,Anne,w,,483,1,Arin,m
484,1,Anne-Sophie,w,,484,1,Aris,m
485,1,Anneliese,w,,485,1,Arkange,m
486,1,Annemarie,w,,486,1,Arlind,m
487,1,Annerose,w,,487,1,Armin-Zacharias,m
488,1,Annie,w,,488,1,Arved,m
489,1,Antonella,w,,489,1,Arvid,m
490,1,Anya,w,,490,1,Arvo,m
491,1,Argowan,w,,491,1,Arwin,m
492,1,Ariadna,w,,492,1,Asher,m
493,1,Ariane,w,,493,1,Astor,m
494,1,Arianne,w,,494,1,Attaib,m
495,1,Arite,w,,495,1,Atulla,m
496,1,Armaghan,w,,496,1,Aurel,m
497,1,Arwa,w,,497,1,Aurelio,m
498,1,Arwen,w,,498,1,Avdija,m
499,1,Arîn,w,,499,1,Ayden,m
500,1,Asija,w,,500,1,Ayman,m
501,1,Asil,w,,501,1,Balthasar,m
502,1,Asisa,w,,502,1,Baran,m
503,1,Asma,w,,503,1,Barnabas,m
504,1,Aura,w,,504,1,Basil,m
505,1,Aurica,w,,505,1,Batiste,m
506,1,Aurinia,w,,506,1,Batscho,m
507,1,Avelina,w,,507,1,Beau,m
508,1,Ayden,w,,508,1,Bedri,m
509,1,Ayleen,w,,509,1,Ben-Carlos,m
510,1,Ayleen-Sophie,w,,510,1,Ben-Hugo,m
511,1,Azalea,w,,511,1,Ben-Jason,m
512,1,Aziza,w,,512,1,Ben-Julien,m
513,1,Bamakan,w,,513,1,Bence,m
514,1,Barin,w,,514,1,Benedict,m
515,1,Batol,w,,515,1,Benito,m
516,1,Batoul,w,,516,1,Bennett-Paul,m
517,1,Bayan,w,,517,1,Berat,m
518,1,Bea,w,,518,1,Bernd,m
519,1,Bea-Sophie,w,,519,1,Birk,m
520,1,Bejna,w,,520,1,Biruk,m
521,1,Belinay,w,,521,1,Bolek,m
522,1,Benita,w,,522,1,Borislav,m
523,1,Berit,w,,523,1,Boyd,m
524,1,Bertha,w,,524,1,Bozhidar,m
525,1,Betty,w,,525,1,Bruno-Valentin,m
526,1,Bibi,w,,526,1,Brusk,m
527,1,Bibiana,w,,527,1,Bèla,m
528,1,Binta,w,,528,1,Bảo,m
529,1,Bisan,w,,529,1,Can,m
530,1,Bonnie,w,,530,1,Carl-Jonas,m
531,1,Brianna,w,,531,1,Carl-Mio,m
532,1,Brisa,w,,532,1,Caru,m
533,1,Bruna,w,,533,1,Cayo,m
534,1,Brunhilde,w,,534,1,Chance,m
535,1,Bui,w,,535,1,Charles,m
536,1,Cali,w,,536,1,Charletvan,m
537,1,Carina,w,,537,1,Christoph,m
538,1,Carlina,w,,538,1,Christos-Paisios,m
539,1,Carmela,w,,539,1,Claudio,m
540,1,Carolin,w,,540,1,Claus,m
541,1,Caroline,w,,541,1,Clayne,m
542,1,Cassandra,w,,542,1,Coby,m
543,1,Cataleya,w,,543,1,Cody,m
544,1,Cate,w,,544,1,Colin,m
545,1,Celestine,w,,545,1,Conner,m
546,1,Celia,w,,546,1,Connor,m
547,1,Celina,w,,547,1,Conrad,m
548,1,Celiné,w,,548,1,Corvin,m
549,1,Ceylin,w,,549,1,Cristian,m
550,1,Chaima,w,,550,1,Dalemir,m
551,1,Chandice,w,,551,1,Damian-Liam,m
552,1,Charleen,w,,552,1,Damien,m
553,1,Charlie,w,,553,1,Damien-Leon,m
554,1,Charlina,w,,554,1,Damir,m
555,1,Charlize,w,,555,1,Damon,m
556,1,Charlotta-Emilia,w,,556,1,Danial,m
557,1,Charly-Margit,w,,557,1,Danilo,m
558,1,Cheyenne,w,,558,1,Darian,m
559,1,Chloe,w,,559,1,Darijan,m
560,1,Chloé,w,,560,1,Dariush,m
561,1,Cinta,w,,561,1,Daud,m
562,1,Claudia,w,,562,1,Dave,m
563,1,Coco,w,,563,1,Davin,m
564,1,Constanze,w,,564,1,Demien,m
565,1,Cosima,w,,565,1,Devin,m
566,1,Céline,w,,566,1,Dion-Jax,m
567,1,Dalia,w,,567,1,Domenik,m
568,1,Daniela,w,,568,1,Donald,m
569,1,Darleen,w,,569,1,Doran,m
570,1,Dascha,w,,570,1,Drago,m
571,1,Davina,w,,571,1,Dwayne,m
572,1,Davinia,w,,572,1,Dylan,m
573,1,Debby,w,,573,1,Eddy,m
574,1,Delia,w,,574,1,Eden,m
575,1,Deniz,w,,575,1,Efe,m
576,1,Dhahab,w,,576,1,Efraim,m
577,1,Dieu,w,,577,1,Elard,m
578,1,Dilara,w,,578,1,Eli,m
579,1,Djenabou,w,,579,1,Elian,m
580,1,Dlin,w,,580,1,Elias-Joel,m
581,1,Donja,w,,581,1,Elijah,m
582,1,Donna,w,,582,1,Elisa,m
583,1,Dora-Lisa,w,,583,1,Elliot,m
584,1,Dorka,w,,584,1,Elon,m
585,1,Dorothea-Sophie,w,,585,1,Elrik,m
586,1,Drakhshan,w,,586,1,Elvin,m
587,1,Ea,w,,587,1,Emiliano,m
588,1,Edith,w,,588,1,Emilias,m
589,1,Editha,w,,589,1,Emin,m
590,1,Eileen,w,,590,1,Emin-Allah,m
591,1,Eirinn,w,,591,1,Emir,m
592,1,Elana,w,,592,1,Emirhan,m
593,1,Elaria,w,,593,1,Emmanuel,m
594,1,Eleah,w,,594,1,Enea,m
595,1,Eleen,w,,595,1,Ennio,m
596,1,Eleftheria,w,,596,1,Eno,m
597,1,Elenor,w,,597,1,Enrico,m
598,1,Elfie,w,,598,1,Ensar,m
599,1,Elfrida,w,,599,1,Enuar,m
600,1,Eliana,w,,600,1,Erich,m
601,1,Elias,w,,601,1,Eris,m
602,1,Elida,w,,602,1,Ernesto,m
603,1,Elien,w,,603,1,Erwin,m
604,1,ELise,w,,604,1,Eryk,m
605,1,Elissa,w,,605,1,Esra,m
606,1,Elizabeth,w,,606,1,Ettore,m
607,1,Ellaha,w,,607,1,Eugen,m
608,1,Ellif,w,,608,1,Even,m
609,1,Ellin,w,,609,1,Eyk,m
610,1,Elodie,w,,610,1,Ezaldeen,m
611,1,Elsbeth,w,,611,1,Faisal,m
612,1,Elsie,w,,612,1,Falko,m
613,1,Elva,w,,613,1,Fehmi,m
614,1,Elvine,w,,614,1,Felias,m
615,1,Elysia,w,,615,1,Felip,m
616,1,Emanuela,w,,616,1,Felipe,m
617,1,Emanuella,w,,617,1,Fersijan,m
618,1,Emelie,w,,618,1,Filip,m
619,1,Emi,w,,619,1,Fin,m
620,1,Emilia-Lorelei,w,,620,1,Fin-Luca,m
621,1,Emily-Sophie,w,,621,1,Finn-Julius,m
622,1,Emina,w,,622,1,Fionn,m
623,1,Emma-Sophie,w,,623,1,Fips,m
624,1,Emylia,w,,624,1,Floris,m
625,1,Ena,w,,625,1,Flynn,m
626,1,Enelor,w,,626,1,Francesco,m
627,1,Eni,w,,627,1,Frank,m
628,1,Enie,w,,628,1,Franklin,m
629,1,Enni,w,,629,1,Franz-Johan,m
630,1,Enya-Mia,w,,630,1,Frede,m
631,1,Erika,w,,631,1,Frederic,m
632,1,Eshaal,w,,632,1,Frederick,m
633,1,Esma,w,,633,1,Fredrik,m
634,1,Esra,w,,634,1,Frido,m
635,1,Eve,w,,635,1,Fridolin,m
636,1,Eve-Annuk,w,,636,1,Friedo,m
637,1,Evellin,w,,637,1,Frowin,m
638,1,Eyleen,w,,638,1,Fynn-Noah,m
639,1,Fabienne,w,,639,1,Gari,m
640,1,Fanny,w,,640,1,Gary,m
641,1,Favour,w,,641,1,Georgios,m
642,1,Fayola,w,,642,1,Gert,m
643,1,Fea,w,,643,1,Ghandi,m
644,1,Feenja,w,,644,1,Gherasim,m
645,1,Felia,w,,645,1,Gianluca,m
646,1,Felisha,w,,646,1,Gianni,m
647,1,Fenya,w,,647,1,Gino-Alessandro,m
648,1,Fides,w,,648,1,Giosuè,m
649,1,Filippa,w,,649,1,Giovanni,m
650,1,Fine,w,,650,1,Giuseppe,m
651,1,Fjara,w,,651,1,Godspower,m
652,1,Fleur,w,,652,1,Goodluck,m
653,1,Florence,w,,653,1,Gordey,m
654,1,Flores,w,,654,1,Gurrehmat,m
655,1,Frederike,w,,655,1,Gustaf,m
656,1,Freyja,w,,656,1,Habib,m
657,1,Fria,w,,657,1,Hadiz,m
658,1,Friedel,w,,658,1,Haldor,m
659,1,Friederike,w,,659,1,Hamse,m
660,1,Frija,w,,660,1,Hamza,m
661,1,Fryda,w,,661,1,Hamzah,m
662,1,Gazel,w,,662,1,Hanin,m
663,1,Gegeelen,w,,663,1,Hanjo,m
664,1,Ghasal,w,,664,1,Hank,m
665,1,Gina,w,,665,1,Hannan,m
666,1,Giselle,w,,666,1,Hanzala,m
667,1,Gracy-May,w,,667,1,Harald,m
668,1,Gretel,w,,668,1,Harmon,m
669,1,Grit,w,,669,1,Harry,m
670,1,Gréta,w,,670,1,Hasaan,m
671,1,Gurnaaz,w,,671,1,Hauke,m
672,1,Gury,w,,672,1,Hawar,m
673,1,Gwendolyn,w,,673,1,Hayrullah,m
674,1,Ha,w,,674,1,Haytham,m
675,1,Hafsa,w,,675,1,Hektor,m
676,1,Haivin,w,,676,1,Henryk,m
677,1,Hana,w,,677,1,Herrmann,m
678,1,Hanen,w,,678,1,Hoang,m
679,1,Hania,w,,679,1,Houssem,m
680,1,Hannah-Lucia,w,,680,1,Hunar,m
681,1,Hannah-Sophie,w,,681,1,Husein,m
682,1,Hannelore,w,,682,1,Hussein,m
683,1,Hanni,w,,683,1,Ifraim,m
684,1,Hatice,w,,684,1,Ihsan,m
685,1,Havva,w,,685,1,Ilai,m
686,1,Haylie-Jean,w,,686,1,Ilaj,m
687,1,Hayriye,w,,687,1,Ilan,m
688,1,Hayrünnisa,w,,688,1,Ilay,m
689,1,Hazaela,w,,689,1,Ilija,m
690,1,Hazel,w,,690,1,Iliyas,m
691,1,Heaven,w,,691,1,Ilyas,m
692,1,Hedaa,w,,692,1,Ilyass,m
693,1,Hedda-Francis,w,,693,1,Iman,m
694,1,Hediye,w,,694,1,Inacio,m
695,1,Hedwig,w,,695,1,Inar,m
696,1,Helin,w,,696,1,Ini,m
697,1,Hellen,w,,697,1,Ioannis,m
698,1,Hellena,w,,698,1,Isa,m
699,1,Helvi,w,,699,1,Ismael,m
700,1,Hend,w,,700,1,Ismaila,m
701,1,Henrike,w,,701,1,Israel,m
702,1,Herlinde,w,,702,1,Ivo,m
703,1,Hermela,w,,703,1,Iwan,m
704,1,Heydi,w,,704,1,Jaden,m
705,1,Hiba,w,,705,1,Jadon,m
706,1,Hoang,w,,706,1,Jaik,m
707,1,Horya,w,,707,1,Jalouan,m
708,1,Huda,w,,708,1,Jaman,m
709,1,Huweida,w,,709,1,Jamie-Alessio,m
710,1,Huyen,w,,710,1,Jamien-Tayler,m
711,1,Hyrishahe,w,,711,1,Janko,m
712,1,Hüma,w,,712,1,Jann,m
713,1,Iara,w,,713,1,Jannick,m
714,1,Ida-Lotta,w,,714,1,Janosh,m
715,1,Ikra,w,,715,1,Janus,m
716,1,Ikra-Sena,w,,716,1,Jared,m
717,1,Ilaf,w,,717,1,Jarne,m
718,1,Ilenia,w,,718,1,Jawad,m
719,1,Ilvy,w,,719,1,Jax,m
720,1,Inas,w,,720,1,Jaylen,m
721,1,Ines-Marie,w,,721,1,Jean,m
722,1,Inga,w,,722,1,Jelko,m
723,1,Ireen,w,,723,1,Jeppe,m
724,1,Irena,w,,724,1,Jeremias,m
725,1,Irina,w,,725,1,Jeremy-James,m
726,1,Iris,w,,726,1,Jeremy-Jon,m
727,1,Israa,w,,727,1,Jerome,m
728,1,Ivana,w,,728,1,Jesko,m
729,1,Ivy,w,,729,1,Jim,m
730,1,Izabela,w,,730,1,Jimmi,m
731,1,Jacky,w,,731,1,Joa,m
732,1,Jada,w,,732,1,Joe,m
733,1,Jade,w,,733,1,Johnnie,m
734,1,Jael,w,,734,1,Johnny,m
735,1,Jahmadi,w,,735,1,Joino,m
736,1,Jaimy-Luana,w,,736,1,Jokob,m
737,1,Janan,w,,737,1,Jole,m
738,1,Janine,w,,738,1,Jonathan-Fynn,m
739,1,Janna,w,,739,1,Joost,m
740,1,Janne,w,,740,1,Jorah,m
741,1,Jasmina,w,,741,1,Joram,m
742,1,Jasna,w,,742,1,Jordan,m
743,1,Jauhara,w,,743,1,Jori,m
744,1,Jayda,w,,744,1,Jorik,m
745,1,Jena,w,,745,1,Joud,m
746,1,Jenna,w,,746,1,Jud,m
747,1,Jenny,w,,747,1,Julien-Dian,m
748,1,Jesslynn,w,,748,1,Junes,m
749,1,Joanna,w,,749,1,Jurij,m
750,1,Jocelyn,w,,750,1,Juris,m
751,1,Johanne,w,,751,1,Jusuf,m
752,1,Jola,w,,752,1,Kacper,m
753,1,Jolanda,w,,753,1,Kaleb,m
754,1,Jolani,w,,754,1,Kardo,m
755,1,Jolene,w,,755,1,Karim,m
756,1,Joline,w,,756,1,Karol,m
757,1,Jona,w,,757,1,Kasper,m
758,1,Jonah,w,,758,1,Kassian,m
759,1,Jora,w,,759,1,Kazimir,m
760,1,Jorinde,w,,760,1,Kemal,m
761,1,Josefa,w,,761,1,Kenan,m
762,1,Josepha,w,,762,1,Kenji,m
763,1,Josia,w,,763,1,Kenny,m
764,1,Josie,w,,764,1,Kerim,m
765,1,Josy-Lilly,w,,765,1,Khabat,m
766,1,Joud,w,,766,1,Khalid,m
767,1,Joury,w,,767,1,Khang,m
768,1,Jovis,w,,768,1,Khizir,m
769,1,Jula,w,,769,1,Khắc,m
770,1,Juliane,w,,770,1,Kiawash,m
771,1,Julika,w,,771,1,Kilian-Maurice,m
772,1,Julina,w,,772,1,Kimo,m
773,1,Julita,w,,773,1,Kinan,m
774,1,Junah,w,,774,1,Kiro,m
775,1,June,w,,775,1,Krasimir,m
776,1,Juni,w,,776,1,Kristóf,m
777,1,Junia,w,,777,1,Krystian,m
778,1,Junika,w,,778,1,Kryštof,m
779,1,Kaia,w,,779,1,Kuno,m
780,1,Kajsa,w,,780,1,Lado,m
781,1,Kamila,w,,781,1,Laha,m
782,1,Kardelen,w,,782,1,Larry,m
783,1,Kari,w,,783,1,Laurent,m
784,1,Karin,w,,784,1,Lean,m
785,1,Karline,w,,785,1,Ledijon,m
786,1,Karolina,w,,786,1,Ledion,m
787,1,Karoline,w,,787,1,Lehel,m
788,1,Kateryna,w,,788,1,Leith,m
789,1,Kathinka,w,,789,1,Lennet,m
790,1,Kathrin,w,,790,1,Lenni-Milan,m
791,1,Katinka,w,,791,1,Lennias,m
792,1,Katja,w,,792,1,Lennox-Louis,m
793,1,Kaycie,w,,793,1,Leonardt,m
794,1,Kendra,w,,794,1,Leonidas,m
795,1,Khadija,w,,795,1,Levente,m
796,1,Khadizha,w,,796,1,Levis,m
797,1,Khánh,w,,797,1,Levithan,m
798,1,Kiani,w,,798,1,León,m
799,1,Kiara-Joleen,w,,799,1,Lian,m
800,1,Kimberly,w,,800,1,Liem,m
801,1,Kiyanshi,w,,801,1,Lilian,m
802,1,Klara-Beate,w,,802,1,Linas,m
803,1,Klarina,w,,803,1,Linus-Noel,m
804,1,Klaudia,w,,804,1,Livian,m
805,1,Kosima,w,,805,1,Lobo,m
806,1,Kseniya,w,,806,1,Lonne,m
807,1,Kyara,w,,807,1,Lorenz,m
808,1,Käthi,w,,808,1,Lorin,m
809,1,Laila-Sophie,w,,809,1,Loris,m
810,1,Lamar,w,,810,1,Louay,m
811,1,Lamiya,w,,811,1,Luc,m
812,1,Lani,w,,812,1,Luca-Noel,m
813,1,Lara-Sofie,w,,813,1,Lucian,m
814,1,Larea,w,,814,1,Luis-Emilio,m
815,1,Latifa,w,,815,1,Luiz,m
816,1,Laura-Sophie,w,,816,1,Lukass,m
817,1,Laurella,w,,817,1,Lukhman,m
818,1,Lava,w,,818,1,Lunis,m
819,1,Lavinia,w,,819,1,Luzius,m
820,1,Lea-Sophie,w,,820,1,Lyan,m
821,1,Leandra,w,,821,1,Lyon,m
822,1,Leen,w,,822,1,Léonard,m
823,1,Leevke,w,,823,1,Maceo,m
824,1,Leilana,w,,824,1,Mahdi,m
825,1,Leilani,w,,825,1,Mahmad,m
826,1,Lejla,w,,826,1,Majed,m
827,1,Lela,w,,827,1,Major,m
828,1,Lene-Elise,w,,828,1,Makar,m
829,1,Lenelies,w,,829,1,Maksim,m
830,1,Lennja,w,,830,1,Malek,m
831,1,Lenny,w,,831,1,Malo,m
832,1,Lentje,w,,832,1,Mandus,m
833,1,Leoni,w,,833,1,Manuel,m
834,1,Leonie-Lou,w,,834,1,Marco,m
835,1,Leony,w,,835,1,Marcus,m
836,1,Letizia,w,,836,1,Mares,m
837,1,Levinia,w,,837,1,Marino,m
838,1,Levke,w,,838,1,Mario-Mathias,m
839,1,Leyla,w,,839,1,Marlon-Joel,m
840,1,Liah-Joleen,w,,840,1,Martin,m
841,1,Libby,w,,841,1,Marvin-Pascal,m
842,1,Liesbeth,w,,842,1,Mateus,m
843,1,Liesel,w,,843,1,Mathias,m
844,1,Lieske,w,,844,1,Mathieu,m
845,1,Lijana,w,,845,1,Mathis,m
846,1,Lille,w,,846,1,Mathéo,m
847,1,Lillien,w,,847,1,Matthis,m
848,1,Lillith,w,,848,1,Mayar,m
849,1,Lilly-Sophie,w,,849,1,Medeni,m
850,1,Lilu,w,,850,1,Mehdi,m
851,1,Lily,w,,851,1,Mehtab,m
852,1,Line,w,,852,1,Meisam,m
853,1,Linea,w,,853,1,Menderes,m
854,1,Linh,w,,854,1,Mert,m
855,1,Linn,w,,855,1,Mesud,m
856,1,Linnéa,w,,856,1,Mica,m
857,1,Linée,w,,857,1,Micha,m
858,1,Liria,w,,858,1,Miguel,m
859,1,Lisa-Liyn,w,,859,1,Mihail,m
860,1,Liv-Marla,w,,860,1,Mihr,m
861,1,Liya,w,,861,1,Mikail,m
862,1,Liz,w,,862,1,Milo-Anderson,m
863,1,Loki,w,,863,1,Milo-Joel,m
864,1,Lorelai,w,,864,1,Miloš,m
865,1,Lorin,w,,865,1,Milán,m
866,1,Lotti,w,,866,1,Mino,m
867,1,Louis,w,,867,1,Mio,m
868,1,Lovis,w,,868,1,Mirac,m
869,1,Lua,w,,869,1,Mishary,m
870,1,Luci,w,,870,1,Mitty,m
871,1,Lucia,w,,871,1,Mohannad,m
872,1,Lujain,w,,872,1,Mokhtar,m
873,1,Lujayn,w,,873,1,Monir,m
874,1,Luna-Maddison,w,,874,1,Moreno,m
875,1,Lurin,w,,875,1,Morris,m
876,1,Lykka,w,,876,1,Muhammad,m
877,1,Lyn,w,,877,1,Muhammad-Ibrahim,m
878,1,Lynn,w,,878,1,Muhammed,m
879,1,Lyra-Emma,w,,879,1,Mustafa,m
880,1,Lysann,w,,880,1,Muyao,m
881,1,Madleen,w,,881,1,Mylo,m
882,1,Maede,w,,882,1,Márk,m
883,1,Maeve,w,,883,1,Márton,m
884,1,Magarete,w,,884,1,Nael,m
885,1,Magda,w,,885,1,Nahuel,m
886,1,Maggie,w,,886,1,Nali,m
887,1,Mahalena,w,,887,1,Naser,m
888,1,Maily,w,,888,1,Natan,m
889,1,Maissa,w,,889,1,Nathanael,m
890,1,Maite,w,,890,1,Nathaniel,m
891,1,Majvi,w,,891,1,Nathanniel,m
892,1,Maka,w,,892,1,Nayef,m
893,1,Malaika,w,,893,1,Neas,m
894,1,Malisha,w,,894,1,Nellio-Finnley,m
895,1,Malkia,w,,895,1,Nero,m
896,1,Malou,w,,896,1,Nevi,m
897,1,Malsore,w,,897,1,Nevio,m
898,1,Manela,w,,898,1,Nicholas,m
899,1,Manesa,w,,899,1,Nick-Tayler,m
900,1,Manon,w,,900,1,Nicklas,m
901,1,Mansirat,w,,901,1,Nicky,m
902,1,Marea,w,,902,1,Nikoloz,m
903,1,Mareike,w,,903,1,Nilo,m
904,1,Margareta,w,,904,1,Nino,m
905,1,Margarita,w,,905,1,Nio,m
906,1,Margot,w,,906,1,Noah-Joel,m
907,1,Maria-Carla,w,,907,1,Noah-Noel,m
908,1,Marianna,w,,908,1,Noam,m
909,1,Maribel,w,,909,1,Nooraldeen,m
910,1,Marielle,w,,910,1,Noél,m
911,1,Marietta,w,,911,1,Noël,m
912,1,Marija,w,,912,1,Nut,m
913,1,Marika,w,,913,1,Ognyan,m
914,1,Marilyn,w,,914,1,Oguzhan,m
915,1,Marina,w,,915,1,Olaf,m
916,1,Marisa,w,,916,1,Olamide,m
917,1,Marisol,w,,917,1,Osama,m
918,1,Marita,w,,918,1,Osman,m
919,1,Markha,w,,919,1,Ostap,m
920,1,Marli,w,,920,1,Ousnan,m
921,1,Marlén,w,,921,1,Ove,m
922,1,Martha-Luisa,w,,922,1,Paikea,m
923,1,Mary-Jane,w,,923,1,Paolo,m
924,1,Maryam,w,,924,1,Pascal,m
925,1,Maryem,w,,925,1,Patrick,m
926,1,Massa,w,,926,1,Patrik-Dénes,m
927,1,Mathea,w,,927,1,Paul-Martin,m
928,1,Mattilda,w,,928,1,Paul-Maximilian,m
929,1,Maxime-Jolie,w,,929,1,Paul-Stephan,m
930,1,Maxine,w,,930,1,Paulo-Emilio,m
931,1,Maya-Paulin,w,,931,1,Payton,m
932,1,Maya-Soufi,w,,932,1,Peel,m
933,1,Mayar,w,,933,1,Pele,m
934,1,Mea-Laurentina,w,,934,1,Pepe-Milan,m
935,1,Medea,w,,935,1,Percy,m
936,1,Medeia,w,,936,1,Petar,m
937,1,Meera,w,,937,1,Phileas,m
938,1,Mehrnaz,w,,938,1,Phill,m
939,1,Mejrema,w,,939,1,Philo,m
940,1,Melek,w,,940,1,Phineas,m
941,1,Melisa,w,,941,1,Phyllon,m
942,1,Meliyah,w,,942,1,Pino,m
943,1,Menessa,w,,943,1,Pit,m
944,1,Meriam,w,,944,1,Praba,m
945,1,Mia-Charlotte,w,,945,1,Preston,m
946,1,Mia-Joleen,w,,946,1,Quang,m
947,1,Mia-Leona,w,,947,1,Quinn,m
948,1,Mia-Lotten,w,,948,1,Quintus,m
949,1,Mick,w,,949,1,Quirin,m
950,1,Mieke,w,,950,1,Qusay,m
951,1,Mikal,w,,951,1,Raban,m
952,1,Miko,w,,952,1,Rahman,m
953,1,Mila-Emily,w,,953,1,Raian,m
954,1,Milina,w,,954,1,Raik,m
955,1,Milla-Paulina,w,,955,1,Raimund,m
956,1,Milly,w,,956,1,Ramesh,m
957,1,Milou,w,,957,1,Rami,m
958,1,Minou,w,,958,1,Ramiro,m
959,1,Mira-Asenova,w,,959,1,Ranveer,m
960,1,Mira-Joline,w,,960,1,Ranvir,m
961,1,Miracle,w,,961,1,Raschid,m
962,1,Mirha,w,,962,1,Rasul,m
963,1,Misk,w,,963,1,Raul,m
964,1,Mita,w,,964,1,Rawad,m
965,1,Mtwari,w,,965,1,Ray,m
966,1,Mubarakah,w,,966,1,Rayan,m
967,1,Muriel,w,,967,1,Rayen,m
968,1,Naamat,w,,968,1,Rayyan,m
969,1,Nada,w,,969,1,Redon,m
970,1,Nadia,w,,970,1,Reoan,m
971,1,Nahla,w,,971,1,Rewan,m
972,1,Najla,w,,972,1,Rhys,m
973,1,Nala,w,,973,1,Ricardo,m
974,1,Nalin,w,,974,1,Riccardo,m
975,1,Nam,w,,975,1,Richwin,m
976,1,Nami,w,,976,1,Roderik,m
977,1,Nansy,w,,977,1,Rodrigo,m
978,1,Naselie,w,,978,1,Rojdar,m
979,1,Natali,w,,979,1,Roy,m
980,1,Natalia,w,,980,1,Rudi,m
981,1,Natascha,w,,981,1,Rumen,m
982,1,Natsumi,w,,982,1,Rune,m
983,1,Navroop,w,,983,1,Ruprecht,m
984,1,Nea,w,,984,1,Saam,m
985,1,Nehaisch,w,,985,1,Saiffolah,m
986,1,Nela-Marie,w,,986,1,Saifulla,m
987,1,Nelia,w,,987,1,Saimen,m
988,1,Nergas,w,,988,1,Sajad,m
989,1,Neria,w,,989,1,Sakaria,m
990,1,Nesrin,w,,990,1,Salah,m
991,1,Netty,w,,991,1,Saleh,m
992,1,Neyla,w,,992,1,Salim,m
993,1,Như,w,,993,1,Salman,m
994,1,Nicole,w,,994,1,Santo,m
995,1,Nihale,w,,995,1,Sardi,m
996,1,Nila,w,,996,1,Sasan,m
997,1,Nileyn,w,,997,1,Savant,m
998,1,Nmesoma,w,,998,1,Scott,m
999,1,Noa,w,,999,1,Sean,m
1000,1,Noela,w,,1000,1,Sem,m
1001,1,Noelia,w,,1001,1,Senio,m
1002,1,Norhane,w,,1002,1,Sergio,m
1003,1,Nour,w,,1003,1,Shady,m
1004,1,Noura,w,,1004,1,Shawkat,m
1005,1,Nuoyi,w,,1005,1,Sheldon,m
1006,1,Nur,w,,1006,1,Shiva,m
1007,1,Nuri,w,,1007,1,Shlomo,m
1008,1,Oana,w,,1008,1,Siegfried,m
1009,1,Oceane,w,,1009,1,Simon-Connor,m
1010,1,Oda,w,,1010,1,Sobhan,m
1011,1,Ora,w,,1011,1,Sofyan,m
1012,1,Oskar,w,,1012,1,Stanisław,m
1013,1,Pamina,w,,1013,1,Stanley,m
1014,1,Pamina-Estelle,w,,1014,1,Stephen,m
1015,1,Parbhleen,w,,1015,1,Steven,m
1016,1,Paria,w,,1016,1,Sudesi,m
1017,1,Paulin,w,,1017,1,Suhaib,m
1018,1,Paulina-Joleen,w,,1018,1,Suhail,m
1019,1,Penelope,w,,1019,1,Sulaiman,m
1020,1,Petya,w,,1020,1,Suleman,m
1021,1,Phelipa,w,,1021,1,Sven,m
1022,1,Philina,w,,1022,1,Sören,m
1023,1,Philine,w,,1023,1,Taem,m
1024,1,Philippa,w,,1024,1,Taha,m
1025,1,Philomena,w,,1025,1,Tahir,m
1026,1,Phine,w,,1026,1,Tamer,m
1027,1,Phoebe,w,,1027,1,Tamim,m
1028,1,Phuong,w,,1028,1,Taufic,m
1029,1,Phạm,w,,1029,1,Tayler,m
1030,1,Quinn,w,,1030,1,Taym,m
1031,1,Rabbiya,w,,1031,1,Tede,m
1032,1,Rabiya,w,,1032,1,Teo,m
1033,1,Rachel,w,,1033,1,Tessius,m
1034,1,Rahel,w,,1034,1,Thaddäus,m
1035,1,Rahima,w,,1035,1,Thede,m
1036,1,Raissa,w,,1036,1,Thees,m
1037,1,Raja,w,,1037,1,Thiago,m
1038,1,Rand,w,,1038,1,Thilo,m
1039,1,Rania,w,,1039,1,Thius,m
1040,1,Rayana,w,,1040,1,Thor,m
1041,1,Rena,w,,1041,1,Thorben,m
1042,1,Renad,w,,1042,1,Thorwin,m
1043,1,Renem,w,,1043,1,Tian,m
1044,1,Riah-Amelie,w,,1044,1,Tibo,m
1045,1,Rieke,w,,1045,1,Tibor,m
1046,1,Rimas,w,,1046,1,Tidus,m
1047,1,Rina,w,,1047,1,Tilian,m
1048,1,Rita,w,,1048,1,Tilo,m
1049,1,Ritaje,w,,1049,1,Tizian,m
1050,1,Rital,w,,1050,1,Tiến,m
1051,1,Robin,w,,1051,1,Tjen,m
1052,1,Robinia,w,,1052,1,Togi,m
1053,1,Rojien,w,,1053,1,Tomte,m
1054,1,Roma,w,,1054,1,Tonda,m
1055,1,Rosalie-Helin,w,,1055,1,Torin,m
1056,1,Rosarin,w,,1056,1,Tran,m
1057,1,Roseline,w,,1057,1,Tri-Kiên,m
1058,1,Roshan,w,,1058,1,Trọng,m
1059,1,Roshni,w,,1059,1,Tuan,m
1060,1,Rosi,w,,1060,1,Tuấn,m
1061,1,Rossel,w,,1061,1,Urs,m
1062,1,Roswitha,w,,1062,1,Uweis,m
1063,1,Roukaya,w,,1063,1,Valentin-Linus,m
1064,1,Rovin,w,,1064,1,Valentina,m
1065,1,Rubi,w,,1065,1,Valerian,m
1066,1,Rukia,w,,1066,1,Varian,m
1067,1,Róse,w,,1067,1,Victor,m
1068,1,Sabine,w,,1068,1,Viet,m
1069,1,Sahib,w,,1069,1,Vilijo,m
1070,1,Sahra,w,,1070,1,Vilo,m
1071,1,Saja,w,,1071,1,Vinjas,m
1072,1,Sakura,w,,1072,1,Viraj,m
1073,1,Salam,w,,1073,1,Waheed,m
1074,1,Salma,w,,1074,1,Wajih,m
1075,1,Salome,w,,1075,1,Wanja,m
1076,1,Salomé,w,,1076,1,Warschin,m
1077,1,Samantha,w,,1077,1,Wenzel,m
1078,1,Samantha-Joe,w,,1078,1,Wieland,m
1079,1,Sana,w,,1079,1,Willibald,m
1080,1,Sanvi,w,,1080,1,Wilm,m
1081,1,Sarah-Helene,w,,1081,1,Wissam,m
1082,1,Sarina,w,,1082,1,Wito,m
1083,1,Saskia,w,,1083,1,Wolf,m
1084,1,Seraphina,w,,1084,1,Wolfgang,m
1085,1,Seraphine,w,,1085,1,Xhoeljo,m
1086,1,Serena,w,,1086,1,Yamen,m
1087,1,Shaima,w,,1087,1,Yanel,m
1088,1,Shania,w,,1088,1,Yanis,m
1089,1,Shayla,w,,1089,1,Yannes,m
1090,1,Sheryl,w,,1090,1,Yannick,m
1091,1,Shirin,w,,1091,1,Yannik,m
1092,1,Si,w,,1092,1,Yari,m
1093,1,Sienna,w,,1093,1,Yaro,m
1094,1,Sifan,w,,1094,1,Yassine,m
1095,1,Sihaam,w,,1095,1,Yazan,m
1096,1,Sila,w,,1096,1,Yeison,m
1097,1,Silin,w,,1097,1,Yifan,m
1098,1,Silvana,w,,1098,1,Yman,m
1099,1,Simaf,w,,1099,1,Yunus,m
1100,1,Simina,w,,1100,1,Yuri,m
1101,1,Simona,w,,1101,1,Yussef,m
1102,1,Sina-Malin,w,,1102,1,Yusuf-Şiyar,m
1103,1,Sita,w,,1103,1,Yuto,m
1104,1,Skady,w,,1104,1,Zain,m
1105,1,Skyla,w,,1105,1,Zakareya,m
1106,1,Soey,w,,1106,1,Zayn,m
1107,1,Sofi,w,,1107,1,Zeid,m
1108,1,Sofie,w,,1108,1,Zeno,m
1109,1,Sofja,w,,1109,1,Zhixiu,m
1110,1,Sonia,w,,1110,1,Çınar,m
1111,1,Sontje,w,,1111,1,Ömer,m
1112,1,Sonya,w,,1112,1,Özcan,m
1113,1,Sora,w,,,,,
1114,1,Speranta,w,,,,,
1115,1,Stine,w,,,,,
1116,1,Sultana,w,,,,,
1117,1,Summaja,w,,,,,
1118,1,Susann,w,,,,,
1119,1,Susy,w,,,,,
1120,1,Sybille,w,,,,,
1121,1,Tabita,w,,,,,
1122,1,Tahnee,w,,,,,
1123,1,Taisja,w,,,,,
1124,1,Taleja,w,,,,,
1125,1,Tallinn,w,,,,,
1126,1,Tamia,w,,,,,
1127,1,Tammy,w,,,,,
1128,1,Tamuna,w,,,,,
1129,1,Tania,w,,,,,
1130,1,Tanja,w,,,,,
1131,1,Tassnim,w,,,,,
1132,1,Taylor-Ann,w,,,,,
1133,1,Teodozja,w,,,,,
1134,1,Teresa,w,,,,,
1135,1,Thaliya,w,,,,,
1136,1,Thembalethu,w,,,,,
1137,1,Thori,w,,,,,
1138,1,Thorvi,w,,,,,
1139,1,Thư,w,,,,,
1140,1,Tiana,w,,,,,
1141,1,Tianhuan,w,,,,,
1142,1,Tinka,w,,,,,
1143,1,Torvi,w,,,,,
1144,1,Torwa,w,,,,,
1145,1,Touda,w,,,,,
1146,1,Treasure,w,,,,,
1147,1,Trâm,w,,,,,
1148,1,Tsvetelina,w,,,,,
1149,1,Tuba,w,,,,,
1150,1,Turid,w,,,,,
1151,1,Tuya,w,,,,,
1152,1,Uard,w,,,,,
1153,1,Uma,w,,,,,
1154,1,Urielle,w,,,,,
1155,1,Urna,w,,,,,
1156,1,Valérie,w,,,,,
1157,1,Veda,w,,,,,
1158,1,Vee,w,,,,,
1159,1,Veerle,w,,,,,
1160,1,Venkata,w,,,,,
1161,1,Vera,w,,,,,
1162,1,Veranika,w,,,,,
1163,1,Vian,w,,,,,
1164,1,Vida,w,,,,,
1165,1,Viktória,w,,,,,
1166,1,Viola,w,,,,,
1167,1,Wangyouxin,w,,,,,
1168,1,Wencke,w,,,,,
1169,1,Winnie,w,,,,,
1170,1,Xinrui,w,,,,,
1171,1,Yaara,w,,,,,
1172,1,Yael,w,,,,,
1173,1,Yagoot,w,,,,,
1174,1,Yana,w,,,,,
1175,1,Yejin,w,,,,,
1176,1,Ylvi,w,,,,,
1177,1,Yolandi,w,,,,,
1178,1,Yuriko,w,,,,,
1179,1,Yve,w,,,,,
1180,1,Zahra,w,,,,,
1181,1,Zahraa,w,,,,,
1182,1,Zaineb,w,,,,,
1183,1,Zara,w,,,,,
1184,1,Zeinab,w,,,,,
1185,1,Zeraphina,w,,,,,
1186,1,Zeynep,w,,,,,
1187,1,Zoey-Chayenne,w,,,,,
1188,1,Zoey-Joline,w,,,,,
1189,1,Zofia,w,,,,,
1190,1,Zozan,w,,,,,
1191,1,Zoë-Filiz,w,,,,,
1192,1,Zuhaa,w,,,,,
1193,1,Zuzanna,w,,,,,
1194,1,Ämilia,w,,,,,
1195,1,Șevval,w,,,,,
